No,Tgl_Iklan,URL,Harga,Kota,LT,LB,KT,KM,KTP,KMP,Carport,Garasi,Listrik,Surat,Judul,Deskripsi,
1,04-05-2021,https://www.rumah123.com/properti/bandung/hos8123204/,1095000000,Bandung,78,65,3,2,0,0,0,0,1300,SHM,10mnt Bandara Husein Pajajaran Rumah Tanpa Bank di Cicendo Pasteur,"""Membeli rumah bukan hanya sekedar tempat tinggal. Akad-akad pembelian rumah juga harus
diperhatikan, Tanpa Denda, Tanpa Sita, dan Tanpa Bunga Bank. Insya Allah berkah.

Cluster terbaru di Kotamadya Bandung, Aulia Pasteur Harmoni.
Cluster kuldesak dengan konsep customized design. Sudah include jasa arsitek dan konstruksi.

Akses sangat strategis:
- 3.8KM ke gerbang tol pasteur
- 750m ke Stasiun Cimindi
- Seberang SMKN 11 Kota Bandung
- 1.2KM Gateway Pasteur
- 1.6KM SMAN 13 Kota Bandung Andir
- 10 menit Bandara Husein Sastranegara
- 4.8KM RS Hermina Pasteur
- 4.4KM Kampus Maranatha
- 16 menit Kampus ITB Ganesha Dago
- 12 menit Istana Plaza Pasir Kaliki
- 2.5KM Borma Dakota Pasteur
- 11 menit RS Kebon Jati Andir
- 13 menit RSHS Kota Bandung

Proyek perdana, harga perdana
Ada penawaran khusus untuk Anda diantaranya:
- bonus kitchen set
- bonus taman depan dan belakang
- dan bonus lainnya yang akan sampaikan, jika Bapak/Ibu mengontak saya
sekarang juga

kontak saya sekarang
bpk Cocok Properti
0812-1874-3006 WA""",
2,04-05-2021,https://www.rumah123.com/properti/bandung/hos8123203/,379000000,Bandung,82,43,2,1,0,0,1,0,1300,SHM,9mnt Exit Tol cileunyi Rumah Cocok Investasi di rancaekek jatinangor,"Apakah Anda menginginkan hunian dalam cluster yang strategis?
 Akses langsung ke jalan utama dan dekat tol?
 
 Zanjabil Town House
 Berlokasi di pusat perkembangan bandung timur. Konsep cluster one gate system dengan keamanan 24 jam non stop.
 
 FREE desain, jasa arsitek gratis
 
 Spesifikasi
 tipe 45
 luas tanah 83m2
 2 kamar tidur
 1 kamar mandi
 ruang tamu
 ruang keluarga
 dapur
 teras
 carport mobil
 halaman depan dan belakang
 
 Bagaimana akses lokasinya?
 - 2 menit ke Borma Rancaekek
 - 5 menit dari PT Garuda Food Rancaekek
 - 7 menit dari Brimob Jabar, Sayang, Jatinangor
 - 9 menit dari exit tol cileunyi
 - 11 menit dari PT Wings food cileunyi
 - 12 menit dari kampus Unpad Jatinangor
 - 12 menit dari kampus ITB jatinangor
 - 14 menit dari Jatinangor Town Square
 
 Skema pembayaran
 - cash
 - cash betahap 1 tahun
 - kpr syariah ke developer maksimal 5 tahun
 
 Tersedia juga tipe lainnya dan tanah kavling siap bangun
 
 segera kontak admin
 Sahabat Aulia Java Land (0812-1010-9696)
 nomor WA tertera",
3,04-05-2021,https://www.rumah123.com/properti/bandung/hos8122637/,1400000000,Bandung,115,126,3,2,0,0,0,0,1300,SHM,PROMO Rumah cluster diskon 7mnt KPAD gegerkalong setiabudi di ciwaruga,"Rumah Sejuk idaman di dekat Setiabudi Sarijadi Gegerkalong Ciwaruga
 
 Mencari rumah bukan hanya kemewahan tapi juga kenyidamanan, tapi sayangnya kami punya semuanya, kemewahan, keindahan, kenyidamanan. Segera pilih unitnya
 
 *GRAND DIPALAYA RESIDENCE*
 
 *Lokasi strategis*
 - 10 menit SD, SMP, SMA favorit
 - 5 menit Politeknik Bandung
 - 15 menit Jalan Setiabudi / Enhaii
 - 15 menit UPI
 - 15 menit gerbang tol Pasteur
 
 *Keuntungan Anda:*
 -Lokasi hijau, idaman dan sejuk menambah kenyidamanan para penghuninya
 -Perumahan eklusif limited edition
 -Udara sejuk disertai lingkungan yg hidup dengan fasilitas yang memadai
 -Air jernih
 -Dekat dengan tempat ibadah (masjid)
 -Jalan utama sangat baik dan menjadi jalur alternatif menuju Lembang
 -Private gate dengan gerbang cluster tersendiri dan jalan cluster pavingblock
 -keamananan 24 jam
 
 Yuk ah survey dan booking unitnya sebelum kehabisan
 kontak admin
 Cokok Properti
 WA 0812-1874-3006",
4,04-05-2021,https://www.rumah123.com/properti/bandung/hos8122633/,379000000,Bandung,80,45,2,1,0,0,1,0,1300,SHM,rumah strategis dkt kawasan kampus jatinangor di rancaekek Cileunyi,"Apakah Anda menginginkan hunian dalam cluster yang strategis?
 Akses langsung ke jalan utama dan dekat tol?
 
 Zanjabil Town House
 Berlokasi di pusat perkembangan bandung timur. Konsep cluster one gate system dengan keamanan 24 jam non stop.
 
 FREE desain, jasa arsitek gratis
 
 Spesifikasi
 tipe 45
 luas tanah 83m2
 2 kamar tidur
 1 kamar mandi
 ruang tamu
 ruang keluarga
 dapur
 teras
 carport mobil
 halaman depan dan belakang
 
 Bagaimana akses lokasinya?
 - 2 menit ke Borma Rancaekek
 - 5 menit dari PT Garuda Food Rancaekek
 - 7 menit dari Brimob Jabar, Sayang, Jatinangor
 - 9 menit dari exit tol cileunyi
 - 11 menit dari PT Wings food cileunyi
 - 12 menit dari kampus Unpad Jatinangor
 - 12 menit dari kampus ITB jatinangor
 - 14 menit dari Jatinangor Town Square
 
 Skema pembayaran
 - cash
 - cash betahap 1 tahun
 - kpr syariah ke developer maksimal 5 tahun
 
 Tersedia juga tipe lainnya dan tanah kavling siap bangun
 
 segera kontak admin
 Bpk Cocok Properti (0812-1874-3006)
 nomor WA tertera",
5,04-05-2021,https://www.rumah123.com/properti/bandung/hos8122615/,3900000000,Bandung,160,250,3,3,0,0,2,0,3300,SHM,Rumah Untuk Usaha 2Lt di Antapani Lokasi Strategis,"Rumah Untuk Usaha Terawat Siap Huni
 Antapani - Bandung Timur
 
 2 Lantai, SHM
 Luas Tanah 160 m
 Luas Bangunan 250 m
 3 Kamar Tidur
 3 Kamar Mandi
 Carport : 10 Motor & 2 Mobil
 Lantai bawah untuk Usaha BarberShop
 Lantai atas Include Studio Senam untuk Zumba, Yoga, dll
 
 Rp 3.900.000.000 Nego
 More Info :
 Tika Balindo LS1",
6,04-05-2021,https://www.rumah123.com/properti/bandung/hos8122621/,955000000,Bandung,125,60,2,2,0,0,0,0,1300,SHM,Rumah Perumahan Tenang dan Nyaman 15 menit UPI Setiabudi Lembang,"Rumah Rasa Villa idaman di Lembang dekat Gegerkalong Setiabudi Cihideung
 
 Segera miliki rumah di lingkungan yang sejuk idaman dan nyidaman di kawasan setiabudi, bandung utara, lembang.
 
 Cluster Pesona Syariah
 
 Aksesnya sangat strategis:
 - hanya 15 menit ke upi setiabudi
 - hanya 18 menit ke masjid darut tauhid gegerkalong
 - hanya 20 menit ke sarijadi
 - hanya 25 menit unpas setiabudi
 - hanya 10 menit farm house
 - hanya selangkah ke jalan utama
 
 FREE DESAIN
 GRATIS KONSULTASI JASA ARSITEK
 
 Fasilitas:
 - masjid
 - taman
 - lapangan badminton
 - one gate system
 - keamanan 24 jam non stop
 
 di dalam cluster one gate system yang lingkungan dan tetangga sudah banyak
 jalan lebar 6-7 meter
 
 Dapatkan promo diskon cash sekarang juga mumpung masih tersedia sebelum kehabisan !
 bisa dicicil langsung ke developer tanpa bank
 
 segera kontak admin
 Sahabat Aulia Java Land (0812-1010-9696)
 nomor WA tertera
 
 *foto adalah rumah contoh yang sudah terjual",
7,04-05-2021,https://www.rumah123.com/properti/bandung/hos8122622/,845000000,Bandung,125,42,2,1,0,0,0,0,1300,SHM,Rumah cluster kuldesak islami di lembang 10mnit Setiabudi regency,"Rumah Rasa Villa idaman di Lembang dekat Gegerkalong Setiabudi Cihideung
 
 Segera miliki rumah di lingkungan yang sejuk idaman dan nyidaman di kawasan setiabudi, bandung utara, lembang.
 
 Cluster Pesona Syariah
 
 Aksesnya sangat strategis:
 - hanya 15 menit ke upi setiabudi
 - hanya 18 menit ke masjid darut tauhid gegerkalong
 - hanya 20 menit ke sarijadi
 - hanya selangkah ke jalan utama
 
 FREE DESAIN
 GRATIS KONSULTASI JASA ARSITEK
 
 Fasilitas:
 - masjid
 - taman
 - lapangan badminton
 - one gate system
 - keamanan 24 jam non stop
 
 di dalam cluster one gate system yang lingkungan dan tetangga sudah banyak
 jalan lebar 6-7 meter
 
 promo diskon cash,
 cicilan langsung ke developer tanpa bank
 
 segera kontak admin
 Bpk Cocok Properti (0812-1874-3006)
 nomor WA tertera
 
 *foto adalah rumah contoh yang sudah terjual",
8,04-05-2021,https://www.rumah123.com/properti/bandung/hos8122618/,379000000,Bandung,81,45,2,1,0,0,1,0,1300,SHM,Rumah 6mnt RSHarapanKeluarga Cipacing Jatinangor di Rancaekek Cileunyi,"Apakah Anda menginginkan hunian dalam cluster yang strategis?
 Akses langsung ke jalan utama dan dekat tol?
 
 Zanjabil Town House
 Berlokasi di pusat perkembangan bandung timur. Konsep cluster one gate system dengan keamanan 24 jam non stop.
 
 FREE desain, jasa arsitek gratis
 
 Spesifikasi
 tipe 45
 luas tanah 83m2
 2 kamar tidur
 1 kamar mandi
 ruang tamu
 ruang keluarga
 dapur
 teras
 carport mobil
 halaman depan dan belakang
 
 Bagaimana akses lokasinya?
 - 2 menit ke Borma Rancaekek
 - 5 menit dari PT Garuda Food Rancaekek
 - 7 menit dari Brimob Jabar, Sayang, Jatinangor
 - 9 menit dari exit tol cileunyi
 - 11 menit dari PT Wings food cileunyi
 - 12 menit dari kampus Unpad Jatinangor
 - 12 menit dari kampus ITB jatinangor
 - 14 menit dari Jatinangor Town Square
 
 Skema pembayaran
 - cash
 - cash betahap 1 tahun
 - kpr syariah ke developer maksimal 5 tahun
 
 Tersedia juga tipe lainnya dan tanah kavling siap bangun
 
 segera kontak admin
 Sahabat Aulia Java Land (0812-1010-9696)
 nomor WA tertera",
9,04-05-2021,https://www.rumah123.com/properti/bandung/hos8122612/,1400000000,Bandung,115,125,3,2,0,0,0,0,1300,SHM,PROMO Rumah 2 lantai elegan dkat UPI setiabudi gegerkalong di ciwaruga,"Rumah Sejuk idaman di dekat Setiabudi Sarijadi Gegerkalong Ciwaruga
 
 Mencari rumah bukan hanya kemewahan tapi juga kenyidamanan, tapi sayangnya kami punya semuanya, kemewahan, keindahan, kenyidamanan. Segera pilih unitnya
 
 *GRAND DIPALAYA RESIDENCE*
 
 *Lokasi strategis*
 - 10 menit SD, SMP, SMA favorit
 - 5 menit Politeknik Bandung
 - 15 menit Jalan Setiabudi / Enhaii
 - 15 menit UPI
 - 15 menit gerbang tol Pasteur
 
 *Keuntungan Anda:*
 -Lokasi hijau, idaman dan sejuk menambah kenyidamanan para penghuninya
 -Perumahan eklusif limited edition
 -Udara sejuk disertai lingkungan yg hidup dengan fasilitas yang memadai
 -Air jernih
 -Dekat dengan tempat ibadah (masjid)
 -Jalan utama sangat baik dan menjadi jalur alternatif menuju Lembang
 -Private gate dengan gerbang cluster tersendiri dan jalan cluster pavingblock
 -keamananan 24 jam
 
 Yuk ah survey dan booking unitnya sebelum kehabisan
 kontak admin
 Cokok Properti
 WA 0812-1874-3006",
10,04-05-2021,https://www.rumah123.com/properti/bandung/hos8122598/,955000000,Bandung,124,61,3,2,0,0,0,0,1300,SHM,Rumah cluster tenang islami di lembang 12mnit pondok hijau gegerkalong,"Rumah Rasa Villa idaman di Lembang dekat Gegerkalong Setiabudi Cihideung
 
 Segera miliki rumah di lingkungan yang sejuk idaman dan nyidaman di kawasan setiabudi, bandung utara, lembang.
 
 Cluster Pesona Syariah
 
 Aksesnya sangat strategis:
 - hanya 15 menit ke upi setiabudi
 - hanya 18 menit ke masjid darut tauhid gegerkalong
 - hanya 20 menit ke sarijadi
 - hanya selangkah ke jalan utama
 
 FREE DESAIN
 GRATIS KONSULTASI JASA ARSITEK
 
 Fasilitas:
 - masjid
 - taman
 - lapangan badminton
 - one gate system
 - keamanan 24 jam non stop
 
 di dalam cluster one gate system yang lingkungan dan tetangga sudah banyak
 jalan lebar 6-7 meter
 
 promo diskon cash,
 cicilan langsung ke developer tanpa bank
 
 segera kontak admin
 Bpk Cocok Properti (0812-1874-3006)
 nomor WA tertera
 
 *foto adalah rumah contoh yang sudah terjual",
11,04-05-2021,https://www.rumah123.com/properti/bandung/hos8122576/,665000000,Bandung,95,55,2,2,0,0,0,0,1300,SHM,PROMO Villa Cantik di Lembang 20mnt Setiabudi Gegerkalong Cihanjuang,"Rumah Villa idaman Sejuk di Lembang dekat Patrol Setiabudhi Cihideung
 
 Free desain
 
 AIR JERNIH, UDARA SEJUK,
 BANYAK BONUS
 
 Villa LA Mansion Lembang
 
 Fasilitas terdekat:
 - masjid
 - PAUD
 - Jalan 6-7 meter
 - Pusat perbelanjaan
 - kawasan wisata
 - fasilitas kesehatan
 - dll
 
 Jarak tempuh:
 5,9 km ke Eko Pesantren
 8 km ke Universitas Pendidikan Indonesia
 7,7 km ke Floating Market
 8,2 km ke Universitas Pasundan
 9,5 km ke Sekolah Tinggi Pariwisata Bandung
 15 km ke Tol Padalarang
 16,3 km ke Tol Pasteur
 15,2 km ke Cimahi
 14,9 km ke Gedung Sate
 
 Segera kontak admin
 Cocok Properti
 WA 0812-1874-3006",
12,04-05-2021,https://www.rumah123.com/properti/bandung/hos8122571/,1850000000,Bandung,99,101,3,2,0,0,0,0,1300,SHM,PROMO 10mnt Unpad Dipati Ukur Rumah minimalis di sayap dago cigadung,"Grande Takayama
 
 Hunian Gaya Jepang Berkelas Di Kawasan Elite Dago Bandung Utara Kotamadya Bandung
 
 Kini Memiliki Rumah di Kotamadya Bandung dengan Harga Terjangkau Bukan Lagi Sekedar Angan
 Promo Hanya 1 Unit Saja
 Jangan sampai nyesel. ga kebagian
 
 *STRATEGIS DEKAT FASILTAS UMUM*
 1 menit Dari Dago Heritage 1917 Golf Course
 3 menit Dari The Stone Cafe Bandung Dago
 8 menit Dari Taman Hutan Raya Ir. H. Djuanda
 9 menit Dari Universitas Padjadjaran
 13 menit Dari Gedung Sate Bandung
 11 menit Dari Dago Dream Park
 9 menit Dari Institut Teknologi Bandung
 11 menit Dari Rumah Sakit Borromeus Dago
 14 menit Dari Paris Van Java Sukajadi
 15 menit Dari Gerbang Tol Pasteur
 
 Harga Pasaran : 2 Milyar
 Harga Promo : 1.85 M saja
 Diskon 150 Juta untuk Cash Keras
 Diskon 100 Juta untuk Cash Bertahap
 BONUS : Kitchen Set Exclusive, Water Heater, dan Submersible Tiap Rumah
 
 Sayangnya, promo ini HANYA 1 UNIT Pertama saja..
 Sebelum kehabisan, silakan hubungi:
 Cocok Properti
 0812-8097-4857 WA",
13,04-05-2021,https://www.rumah123.com/properti/bandung/hos8122554/,955000000,Bandung,124,63,3,2,0,0,0,0,1300,SHM,rumah perumahan tenang dan nyaman di lembang 20mnt ciwaruga parongpong,"Rumah Rasa Villa idaman di Lembang dekat Gegerkalong Setiabudi Cihideung
 
 Segera miliki rumah di lingkungan yang sejuk idaman dan nyidaman di kawasan setiabudi, bandung utara, lembang.
 
 Cluster Pesona Syariah
 
 Aksesnya sangat strategis:
 - hanya 15 menit ke upi setiabudi
 - hanya 18 menit ke masjid darut tauhid gegerkalong
 - hanya 20 menit ke sarijadi
 - hanya selangkah ke jalan utama
 
 FREE DESAIN
 GRATIS KONSULTASI JASA ARSITEK
 
 Fasilitas:
 - masjid
 - taman
 - lapangan badminton
 - one gate system
 - keamanan 24 jam non stop
 
 di dalam cluster one gate system yang lingkungan dan tetangga sudah banyak
 jalan lebar 6-7 meter
 
 promo diskon cash,
 cicilan langsung ke developer tanpa bank
 
 segera kontak admin
 Sahabat Aulia Java Land (0812-1010-9696)
 nomor WA tertera
 
 *foto adalah rumah contoh yang sudah terjual",
14,04-05-2021,https://www.rumah123.com/properti/bandung/hos8122546/,4075000000,Bandung,277,350,7,5,0,0,4,1,1300,SHM,SYARIAH Rumah Mewah Readystock Sejuk Tenang di Lembang dkt Setiabudi,"Rumah Rasa Villa idaman di Lembang dekat Gegerkalong Setiabudi Cihideung
 
 Segera miliki rumah di lingkungan yang sejuk idaman dan nyidaman di kawasan setiabudi, bandung utara, lembang.
 
 Cluster Pesona Syariah
 
 Aksesnya sangat strategis:
 - hanya 15 menit ke upi setiabudi
 - hanya 18 menit ke masjid darut tauhid gegerkalong
 - hanya 20 menit ke sarijadi
 - hanya selangkah ke jalan utama
 
 FREE DESAIN
 GRATIS KONSULTASI JASA ARSITEK
 
 Fasilitas:
 - masjid
 - taman
 - lapangan badminton
 - one gate system
 - keamanan 24 jam non stop
 
 Spesifikasi:
 5 + 2 kamar tidur
 4 + 1 kamar mandi
 ruang tamu
 ruang makan
 ruang keluarga
 ruang kerja
 ruang baca
 mushalla
 dapur
 ruang fitness
 bathub
 4 carport mobil
 taman depan dan kolam ikan
 basement
 
 di dalam cluster one gate system yang lingkungan dan tetangga sudah banyak
 jalan lebar 6-7 meter
 
 promo diskon cash,
 cicilan langsung ke developer tanpa bank
 
 segera kontak admin
 Cocok Properti
 0812-1874-3006 WA
 nomor WA tertera",
15,04-05-2021,https://www.rumah123.com/properti/bandung/hos8123198/,3100000000,Bandung,132,180,4,3,0,0,0,0,4400,SHM,EXCLUSIVE Rumah 3LT View Kota Bandung di Dago Cigadung CASH Only 3Man,"EXCLUSIVE Rumah 3 Lantai dengan View Menawan di Cigadung, Dago CASH Only 3,1 M
 View Sejuk Kota Bandung takkan anda dapatkan dimanapun dan akses lokasi strategis dekat kemanapun.
 
 Desain Rumah Upslope dan Downslope yang sangat unik beda dari yang lain. Yuk survey dulu aja!
 
 Tipe 180/132 (Tersedia tipe lain)
 4 Kamar Tidur, 3 Kamar Mandi, Ruang Tamu, Ruang Keluarga, Dapur, Carport, Taman depan belakang samping, balkon
 
 Cocok untuk dihuni atau investasi :
 -1,1 KM Dari Dago Heritage 1917 Golf Course
 -1,5 KM Dari The Stone Cafe Bandung Dago
 -1,5 KM Dari WaLe Warung Lela Cigadung
 -2,8 KM Dari Taman Hutan Raya Ir. H. Djuanda
 -3,1 KM Dari Universitas Padjadjaran
 -4,1 KM Dari Gedung Sate Bandung
 -4,7 KM Dari Dago Dream Park
 -5,4 KM Dari Istitut Teknologi Bandung
 
 Segera Survey Lokasi dan Booking Unitnya sebelum kehabisan
 bapak Sadir
 0821-1722-8481",
16,04-05-2021,https://www.rumah123.com/properti/bandung/hos8123201/,379000000,Bandung,80,46,2,1,0,0,1,0,1300,SHM,Hunian aman &amp;nyaman strategis dkt cileunyi di rancaekek Cileunyi Timur,"Apakah Anda menginginkan hunian dalam cluster yang strategis?
 Akses langsung ke jalan utama dan dekat tol?
 
 Zanjabil Town House
 Berlokasi di pusat perkembangan bandung timur. Konsep cluster one gate system dengan keamanan 24 jam non stop.
 
 FREE desain, jasa arsitek gratis
 
 Spesifikasi
 tipe 45
 luas tanah 83m2
 2 kamar tidur
 1 kamar mandi
 ruang tamu
 ruang keluarga
 dapur
 teras
 carport mobil
 halaman depan dan belakang
 
 Bagaimana akses lokasinya?
 - 2 menit ke Borma Rancaekek
 - 5 menit dari PT Garuda Food Rancaekek
 - 7 menit dari Brimob Jabar, Sayang, Jatinangor
 - 9 menit dari exit tol cileunyi
 - 11 menit dari PT Wings food cileunyi
 - 12 menit dari kampus Unpad Jatinangor
 - 12 menit dari kampus ITB jatinangor
 - 14 menit dari Jatinangor Town Square
 
 Skema pembayaran
 - cash
 - cash betahap 1 tahun
 - kpr syariah ke developer maksimal 5 tahun
 
 Tersedia juga tipe lainnya dan tanah kavling siap bangun
 
 segera kontak admin
 Bpk Cocok Properti (0812-1874-3006)
 nomor WA tertera",
17,04-05-2021,https://www.rumah123.com/properti/bandung/hos8123183/,1035000000,Bandung,65,65,3,2,0,0,0,0,1300,SHM,11mnt Samsat Pajajaran Rumah Konsep Syariah di Cicendo Pasteur,"Membeli rumah bukan hanya sekedar tempat tinggal. Akad-akad pembelian rumah juga harus
 diperhatikan, Tanpa Denda, Tanpa Sita, dan Tanpa Bunga Bank. Insya Allah berkah.
 
 Cluster terbaru di Kotamadya Bandung, Aulia Pasteur Harmoni.
 Cluster kuldesak dengan konsep customized design. Sudah include jasa arsitek dan konstruksi.
 
 Akses sangat strategis:
 - 3.8KM ke gerbang tol pasteur
 - 750m ke Stasiun Cimindi
 - Seberang SMKN 11 Kota Bandung
 - 1.2KM Gateway Pasteur
 - 1.6KM SMAN 13 Kota Bandung Andir
 - 10 menit Bandara Husein Sastranegara
 - 4.8KM RS Hermina Pasteur
 - 4.4KM Kampus Maranatha
 - 16 menit Kampus ITB Ganesha Dago
 - 12 menit Istana Plaza Pasir Kaliki
 - 2.5KM Borma Dakota Pasteur
 - 11 menit RS Kebon Jati Andir
 - 13 menit RSHS Kota Bandung
 
 Proyek perdana, harga perdana
 Ada penawaran khusus untuk Anda diantaranya:
 - bonus kitchen set
 - bonus taman depan dan belakang
 - dan bonus lainnya yang akan sampaikan, jika Bapak/Ibu mengontak saya
 sekarang juga
 
 kontak saya sekarang
 Sahabat AJL
 0812-1010-9696 WA",
18,04-05-2021,https://www.rumah123.com/properti/bandung/hos8123186/,165000000,Bandung,60,40,2,1,0,0,0,0,1300,SHM,rumah di bandung selatan bebas banjir full spek one gate system KPR bisa di bantu,"PESONA BUMI PANIISAN
 TAHAP 5
 Dapatkan promo-promo menarik hadiah di bulan APRIL:
 1.Kulkas Pollytron 2 pintu
 2.Motor Genio
 3.Motor X-Ride
 4.Motor Vario 125 CBS
 
 Berbagai Type:
 - Type 36/50 (BISA KPR)
 - Type 40/60 (BISA KPR)
 - Type 50/70
 - Type 50/72
 
 Bonus pagar, kanopi, wastapel, meja kompor, toren 250L dan dak toren Free desain tata letak ruangan sesuka hati Booking fee Rp. 5 JT sudah termasuk harga jual, DP 75 JT, Sytem pembayaran:
 - cash keras (cash back/hadiah)
 - cash bertahap (bisa di cicil selama pembangunan)
 - KPR
 
 Lokasi strategis dan favorit hunian di Bandung Selatan, Info Lokasi Sekitar:
 Langsung ke Jl. Raya di Lalui Angkot
 5 Menit ke Pabrik Fengtay
 10 Menit ke Rumah Sakit Al ikhsan
 10 Menit ke Wisata Kampung Batu Tektona Park
 15 Menit Lanud Sulaiman
 20 Menit ke Toll Kopo/ Moh.Toha
 
 Yuuu sebelum kehabisan unit booking sekarang juga..
 
 Segera Hubungi:
 Wa.me/+6281295481253
 Muhamad Youga
 Marketing Resmi Pesona Bumi Paniisan",
19,04-05-2021,https://www.rumah123.com/properti/bandung/hos8123159/,845000000,Bandung,126,40,2,1,0,0,0,0,1300,SHM,Rumah islami syariah di lembang 15mnt sersan bajuri isola setiabudi,"Rumah Rasa Villa idaman di Lembang dekat Gegerkalong Setiabudi Cihideung
 
 Segera miliki rumah di lingkungan yang sejuk idaman dan nyidaman di kawasan setiabudi, bandung utara, lembang.
 
 Cluster Pesona Syariah
 
 Aksesnya sangat strategis:
 - hanya 15 menit ke upi setiabudi
 - hanya 18 menit ke masjid darut tauhid gegerkalong
 - hanya 20 menit ke sarijadi
 - hanya selangkah ke jalan utama
 
 FREE DESAIN
 GRATIS KONSULTASI JASA ARSITEK
 
 Fasilitas:
 - masjid
 - taman
 - lapangan badminton
 - one gate system
 - keamanan 24 jam non stop
 
 di dalam cluster one gate system yang lingkungan dan tetangga sudah banyak
 jalan lebar 6-7 meter
 
 promo diskon cash,
 cicilan langsung ke developer tanpa bank
 
 segera kontak admin
 Sahabat Aulia Java Land (0812-1010-9696)
 nomor WA tertera
 
 *foto adalah rumah contoh yang sudah terjual",
20,04-05-2021,https://www.rumah123.com/properti/bandung/hos8123162/,785000000,Bandung,78,55,2,1,0,0,0,0,1300,SHM,Rumah Minimalis Murah di Cisaranten Kulon Arcamanik Bandung. Jarang Ada!,"Rumah Minimalis Murah di Cisaranten Kulon Arcamanik Bandung. Jarang Ada!!!
 
 Harga : 785 juta
 
 SHM
 LT 78
 LB 55
 KT 2
 KM 1 (waterheater)
 Listrik 1300
 Air jernih 2 torn dan mesin filter
 Internet full 1 tahun free
 
 Terima titip jual property
 Ekeu Beyond : 081211832827",
21,04-05-2021,https://www.rumah123.com/properti/bandung/hos8123405/,1034000000,Bandung,66,63,3,2,0,0,0,0,1300,SHM,5 KM Paskal Hyper Square Pasir Kaliki Andir Rumah Syariah di Pasteur,"Memiliki hunian yang strategis akses dekat kemana2. merupakan impian semua orang. Akan tetapi lingkungan yang islami juga sangat penting untuk tumbuh kembang buah hati dan kenyamanan keluarga anda. Cluster terbaru di Kotamadya Bandung, Aulia Pasteur Harmoni. Konsep customized design.",
22,04-05-2021,https://www.rumah123.com/properti/bandung/hos8123482/,4075000000,Bandung,279,350,7,5,0,0,4,0,1300,SHM,DEKAT MASJID Rumah Mewah Ready Stock Sejuk Tenang Lembang dkt Setiabudi,"Rumah Rasa Villa idaman di Lembang dekat Gegerkalong Setiabudi Cihideung. Segera miliki rumah di lingkungan yang sejuk idaman dan nyidaman di kawasan setiabudi, bandung utara, lembang. Cluster Pesona Syariah. Aksesnya sangat strategis: hanya 15 menit ke upi bandung, hanya 18 menit ke mesjid darut tauhid gegerkalong, hanya 20 menit ke sarijadi, hanya selangkah ke jalan utama. FREE DESIGN GRATIS KONSULTASI JAS ARSTIEK.",
23,04-05-2021,https://www.rumah123.com/properti/bandung/hos8123546/,1850000000,Bandung,100,100,3,2,0,0,0,0,1300,SHM,Promo 8 menit UNIKOM Dipati Ukur Rumah Akses Mainroad di dago cigadung,"Hunian Gaya Jepang Berkelas Di Kawasan Elite Dago Bandung Utara Kotamadya Bandung. Kini Memiliki Rumah di Kotamadya Bandung dengan Harga Terjangkau Bukan Lagi Sekedar Angan Promo Hanya 1 Unit Saja. Jangan sampai nyesel ga kebagian. Harga Pasaran 2 Milyar, Harga Promo 1.85 M saja. Diskon 150 juta untuk Cash Keras. Diskon 100 juta untuk Cash Bertahap. BONUS: Kitchen Set Exclusive, Water Heather, dan Submersible Tiap Rumah.",
24,04-05-2021,https://www.rumah123.com/properti/bandung/hos8123442/,130000000,Bandung,40,35,2,1,0,0,0,0,900,SHM,Rumah Minimalis Murah Full Spek Modern Lokasi Strategis,"Perumahan Bumi Agnes Nanjung, Rumah modern siap huni dan siap bangun full spek dengan harga terjangkau lokasi strategis dan dijamin bebas banjir. Spesifikasi: Pondasi Batu kali, Struktur Beton Bertualang, Dinding Bata Coklak, Lantai Keramin 40x40, Plafon Gypsun, Pintu depan HPL, Toilet Lantai dinding keramik, Atap Genteng Jatiwangi, Dapur Kitchen Sink, Air semi jetpump, Listrik 900 watt/token, Jalan 5 meter, Legalitas Aib + warkah",
25,04-05-2021,https://www.rumah123.com/properti/bandung/hos8123700/,845000000,Bandung,124,40,2,1,0,0,1,0,1300,SHM,Rumah Sejuk Segar Customdesign di Lembang hanya 17menit cipaku setiabudi,"Rumah Rasa Villa idaman di Lembang dekat Gegerkalong Setiabudi Cihideung. Segera miliki rumah di lingkungan yang sejuk idaman dan nyidaman di kawasan setiabudi, bandung utara, lembang. Cluster Pesona Syariah. Aksesnya sangat strategis: hanya 15 menit ke upi bandung, hanya 18 menit ke mesjid darut tauhid gegerkalong, hanya 20 menit ke sarijadi, hanya selangkah ke jalan utama. FREE DESIGN GRATIS KONSULTASI JAS ARSTIEK.",
26,04-05-2021,https://www.rumah123.com/properti/bandung/hos8123724/,1400000000,Bandung,116,123,3,2,0,0,0,0,1300,SHM,PROMO Rumah Strategis 1.7KM Polsek Sukasari Gegerkalong di Ciwaruga,"Rumah Sejuk Idaman di dekat Setiabudi Sarijadi Gegerkalong Ciwaruga. Mencari rumah bukan hanya kemewahan tapi juga kenyamanan, tapi sayangnya kami punya semuanya, kemewahan, keindahan, kenyidamanan. Segera pilih unitnya. Keuntungan Anda: Lokasi hijau, idaman sejuk menambah kenyidamanan para penghuninya, perumahan ekslusif limited edition, udara sejuk disertai lingkungan yang hidup dengan fasilitas memadai, air jerni, dekat dengan masjid, jalan utama sangat baik.",
27,04-05-2021,https://www.rumah123.com/properti/bandung/hos8123836/,1295000000,Bandung,66,64,3,2,0,0,0,0,1300,SHM,13 mnt RSHS Rumah Strategis cluster Kuldesak di Pasteur Cicendo,"Membeli rumah bukan hanya sekedar tempat tinggal. Akad-akad pembelian rumah juga harus diperhatikan, tanpa denda, tanpa sita, dan tanpa bunga bank InsyaAllah berkah. Cluster terbaru di Kotamadya Bandung, Aulia Pasteur Harmoni. Cluster Kuldesak dengan konsep customized design sudah include jasa arstitek dan konstruksi. Ada penawaran khusus untuk Anda diantaranya: bonus kitchen set, bonus taman depan dan belakang, dan bonus lainnya yang akan sampaikan jika Bapak/Ibu mengontak saya sekarang juga. 0812-1010-9696",
28,04-05-2021,https://www.rumah123.com/properti/bandung/hos8123832/,379000000,Bandung,81,42,2,1,0,0,1,0,1300,SHM,Rumah cluster akses mudah di mangunarga cimanggung rancaekek cileunyi,Apakah anda menginginkan hunian dalam cluster yang strategis? Akes langsung ke jalan utama dan dekat tol? Zanjabil Town House Berlokasi di pusat perkembangan bandung timur. Konsep cluster one gate system dengan keamanan 24 jam non stop.,
29,04-05-2021,https://www.rumah123.com/properti/bandung/hos8123868/,375000000,Bandung,72,40,2,1,0,0,0,0,1300,SHM,DP 25 Juta All In. Rumah dekat tol padalarang. Smart Home. View Cantik.,"Cluster Minimalis dengan konsep kontemporer tropical modern dengan lokasi berkembang di Padalarang, Kabupaten Bandung Barat.

STRATEGIS:
+- 3 KM dari Gerbang Tol Padalarang
+- 2,5 KM dari IKEA Kota Baru Parahyangan
+- 2,3 KM dari Mason Pine Hotel
+- 2 KM dari Giant Supermarket Kota Baru Parahyangan
+- 1,3 KM dari Ramayana Padalarang
+- 1,1 KM dari Borma Toserba Padalarang
+- 1 KM dari DPRD Kabupaten Bandung Barat
+- 560 m dari RSIA Kartini Padalarang
+- Dekat SMAN 1 Padalarang
+- Dekat SMPN 3 Padalarang

PROMO HARGA CASH KERAS:
- Type 40/72: 375 JUTA
- Type 45/72: 395 JUTA
- Type 60/78: 595 JUTA
- Type 60/84: 625 JUTA

PROMO KPR PERIODE FEBRUARI S/D APRIL 2021:
- Type 1 Lantai: 25 Juta ALL IN.
- Type 2 Lantai: 40 Juta ALL IN.


CATATAN
HARGA, DISKON dan BONUS dapat berubah sewaktu2, silakan kontak untuk info terkait harga dan promo yang berlaku ketika Anda melihat iklan ini :)

INFO: REZA AGGREGATE MY IBRAHIM",
30,04-05-2021,https://www.rumah123.com/properti/bandung/hos8123931/,4075000000,Bandung,276,345,7,5,0,0,4,0,1300,SHM,SHM IMB Rumah Mewah Readystock Sejuk Tenang di Lembang dekat Setiabudi,"Rumah Rasa Villa idaman di Lembang dekat Gegerkalong Setiabudi Cihideung

Segera miliki rumah di lingkungan yang sejuk idaman dan nyidaman di kawasan setiabudi, bandung utara, lembang.

Cluster Pesona Syariah

Aksesnya sangat strategis:
- hanya 15 menit ke upi setiabudi
- hanya 18 menit ke masjid darut tauhid gegerkalong
- hanya 20 menit ke sarijadi
- hanya selangkah ke jalan utama

FREE DESAIN
GRATIS KONSULTASI JASA ARSITEK

Fasilitas:
- masjid
- taman
- lapangan badminton
- one gate system
- keamanan 24 jam non stop

Spesifikasi:
5 + 2 kamar tidur
4 + 1 kamar mandi
ruang tamu
ruang makan
ruang keluarga
ruang kerja
ruang baca
mushalla
dapur
ruang fitness
bathub
4 carport mobil
taman depan dan kolam ikan
basement

di dalam cluster one gate system yang lingkungan dan tetangga sudah banyak
jalan lebar 6-7 meter

promo diskon cash,
cicilan langsung ke developer tanpa bank

segera kontak admin
Cocok Properti
0812-1874-3006 WA
nomor WA tertera",
31,04-05-2021,https://www.rumah123.com/properti/bandung/hos8123929/,665000000,Bandung,93,57,2,2,0,0,0,0,1300,SHM,PROMO Terbatas Rumah di Lembang Bandung dekat Cigugur girang wisata,"Rumah Villa idaman Sejuk di Lembang dekat Patrol Setiabudhi Cihideung

Free desain

AIR JERNIH, UDARA SEJUK,
BANYAK BONUS

Villa LA Mansion Lembang

Fasilitas terdekat:
- masjid
- PAUD
- Jalan 6-7 meter
- Pusat perbelanjaan
- kawasan wisata
- fasilitas kesehatan
- dll

Jarak tempuh:
5,9 km ke Eko Pesantren
8 km ke Universitas Pendidikan Indonesia
7,7 km ke Floating Market
8,2 km ke Universitas Pasundan
9,5 km ke Sekolah Tinggi Pariwisata Bandung
15 km ke Tol Padalarang
16,3 km ke Tol Pasteur
15,2 km ke Cimahi
14,9 km ke Gedung Sate

Segera kontak admin
Cocok Properti
WA 0812-1874-3006",
32,04-05-2021,https://www.rumah123.com/properti/bandung/hos8123906/,2700000000,Bandung,500,200,2,2,1,1,0,1,6600,SHM,Kompleks Eldorado Bandung Rumah Siap Huni,"LT 500m LB 200m
KT 2+1 KM 2+1
Listrik 6.600watt
Garasi
Taman depan + belakang
OP 2.7M",
33,04-05-2021,https://www.rumah123.com/properti/bandung/hos8123874/,2800000000,Bandung,264,300,5,4,0,0,1,1,1300,SHM,Rumah Nyaman Siap Huni Bandung Kota Baru Parahyangan,"PITALOKA

5 Kamar
4 Kamar Mandi
LT 264M2
LB 300 M2
2 Lantai
Listrik 1300 W
Garasi 1
Carport 1
Hadap Timur Laut
Air Artesis
Tidak Ada Furniture
SHM",
34,04-05-2021,https://www.rumah123.com/properti/bandung/hos8123833/,366000000,Bandung,72,39,2,1,0,0,0,0,1300,SHM,Promo Segera Survei... Rumah Indah Murah Strategis di Cilame Cimahi,"Rumah Perumahan idaman di dkt awani cilame cimahi padalarang cimareme

Siapa yang tak tau Kota idaman Parahyangan?

Kawasan Perumahan di Bandung, bukan, Bahkan sudah menjadi Kota Mandiri

Memiliki Fasilitas sangat Lengkap mulai Pendidikan hingga Hiburan semua ada disini.

Tipe dengan LT 100 m2 Harganya sudah mencapai 1 M bahkan Lebih.

FANTASTIS!!!
segera miliki rumah idaman harga perdana hanya 300 jutaan. lokasi strategis hanya 10 menit kota idaman parahyangan

rumah berada di kawasan berkembang Mekarsari eco living sebuah hunian yang idaman dan nyidaman dengan fasilitas lengkap. lokasi pinggir jalan raya, bebas banjir dan keamananan 24 jam non stop

Mekarsari Eco Living

Lokasi Strategis
dekat ke jalan utama
dekat ke tol padalarang
dekat ke kantor bupati bandung Barat
dekat ke kota idaman Parahyangan

harga cash 367jt

Fasilitas
masjid besar
jalan besar cluster 6-12 meter
taman
one gate
security 24 jam
Bulan depan harga naik

segera kontak admin
Cocok Properti
WA 0812-1874-3006",
35,04-05-2021,https://www.rumah123.com/properti/bandung/hos8123646/,2600000000,Bandung,238,150,3,1,0,0,0,0,1300,SHM,"Rumah Terawat di Area Antapani, Lingkungan Aman dan Nyaman, Row Jalan Depan Besar ","Rumah Terawat siap huni, Good Loc, Bentuk Tanah Kotak 12x19,8, Lingkungan Aman dan Nyaman, Taman Depan, SHM dan IMB aman.
Dekat Sarana Umum :
Pusat Perbelanjaan
Pusat Pendidikan
Pusat Perbankan
Rumah Sakit
SPBU
Rumah Ibadah


Nita Chaerunnisa
Property Agent Bandung Utara Realty
Phone Whats App : 08112223595",
36,04-05-2021,https://www.rumah123.com/properti/bandung/hos8123663/,580000000,Bandung,66,50,2,2,0,0,0,0,1300,SHM,Rumah 2 Lantai 500jutaan di Cicaheum Bandung,"Rumah 2 lantai harga 580 jutaan
Lokasi CIMUNCANG, PADASUKA

Faslitas perumahan yang akan dibangun :
- Ada Masjid jami
- Ada taman dengan konsep kebun Al Quran, yang isinya tanaman - tanaman yg ada pada Al Quran
- Disediakan juga area panahan sebagai fasilitas olahraga sunnah
- Dan fasilitas lainnya

Harga masih sangat affordable untuk rumah 2 lantai dengan lokasi yang strategis ini
Terutama bagi kamu yang menginginkan tidak hanya kenyamanan dalam rumah tapi juga kenyamanan dalam lingkungan bertetangga. Karena insyaa Allah tetangganya sholeh semua

DAPATKAN BONUS VOUCHER PEMBELIAN FURNITURE*
khusus bagi Anda yang mengambil unit melalui Safpro.ID

Kalau kamu mau survey dan info lebih lanjut
Bisa hubungi saya di 0822 1111 7479


#property #properti #propertysyariah #propertysyariahbandung #rumahsyariahbandung #rumahbandungtimur #rumahdijualbandung #rumahsyariahcimuncang #shariaislamiccimuncang #shariagreenland #TemanTerpercayaCariProperti #safpro #rumah2lantai #rumahdijualcicaheum #rumahkotabandung #viewpegun",
37,04-05-2021,https://www.rumah123.com/properti/bandung/hos8123573/,3300000000,Bandung,209,350,5,3,0,0,1,1,2200,SHM,"Bikin Mata Ga Bisa Ngedip, Rumah Kece di Turangga Bandung","GOOD INFO!!
Rumah dengan kemudahan akses fasilitasnya memberikan kenyamanan bagi penghuninya.

5+1 Kamar
3+1 Kamar Mandi
LT 209M2
LB 350 M2
2 Lantai
Listrik 2200 W
Garasi 1
Carport 1
Hadap Selatan
Air Pdam+Jetpump
SHM

Dijamin area aman, harga pasti sangat bisa nego, jangan sampai Kehabisan segera telpon marketing BEYOND PROPERTY untuk bisa tanya lebih lanjut.
- Favorite area
- Bisa nego
- Akses mudah dijangkau

THANK YOU
#BEYOND PROPERTY#
#citra",
38,04-05-2021,https://www.rumah123.com/properti/cimahi/hos8123585/,1145000000,Bandung,115,68,2,2,0,0,0,0,1300,SHM,Rumah 2 LT Modern Minimalis View Keren Parah Bikin Sejuk Mata !!,"Awani residence menghadirkan type 68 dengan gaya arsitektur modern minimalis yang di design sesuai dengan iklim tropis. Rumah idaman bagi pasangan keluarga yang berjiwa muda dan bahagia.
Terletak di antara cimahi , padalarang maupun Bandung Barat ialah Konsep Hunian kawasan yang sangat prestisius, asri serta elegan di Bandung Barat.

Dekat Al azhar syifa budi parahyangan School
Dekat rumah sakit baru karisma
Banyak alfamart , indomaret serta mini mart lainnya
Mempunyai apotik K 24
Dekat dengan Mall baru 'Transmart'
Bersebelahan dengan Rumah sakit (Indra Medical Centre) serta Spbu nya
Dekat dengan service besar mobil Indra
5 menit ke TOL cipularang
15 menit ke Kantor PEMDA Kab. bandung Barat
Akses angkutan kota 24 jam
Dekat dengan pencucian mobil besar rahayu
Sangat asri lingkungan nya
Karakter tetangga / lingkungan nyaman
Aktifitas kegiatan rohani masjid aktif
Manajemen komplek yang cukup kooperatif
daerah penghubung antara batu jajar , padalarang serta cimahi
Investasi bernilai",
39,04-05-2021,https://www.rumah123.com/properti/bandung/hos8123496/,1175000000,Bandung,108,80,2,1,0,0,0,0,2200,SHM,"Rumah Cakep, Langka, Dekat IKEA Kota Baru Parahyangan Bandung","lagi #viral #ikea di #kotabaruparahyangan
jangan lewatkan kesempatan membeli property di kota baru parahyangan

rumah di jual di kota baru parahyangan
lt 108
lb 80
kt 2 km 1
1 lantai
listrik 2200
artesis
hadap selatan
semi furnish
shm

op 1.175m",
40,04-05-2021,https://www.rumah123.com/properti/bandung/hos8123468/,379000000,Bandung,80,47,2,1,0,0,1,0,1300,SHM,Rumah BagusBerkualitas di Cimanggung Rancaekek Cileunyi,"Apakah Anda menginginkan hunian dalam cluster yang strategis?
Akses langsung ke jalan utama dan dekat tol?

Zanjabil Town House
Berlokasi di pusat perkembangan bandung timur. Konsep cluster one gate system dengan keamanan 24 jam non stop.

FREE desain, jasa arsitek gratis

Spesifikasi
tipe 45
luas tanah 83m2
2 kamar tidur
1 kamar mandi
ruang tamu
ruang keluarga
dapur
teras
carport mobil
halaman depan dan belakang

Bagaimana akses lokasinya?
- 2 menit ke Borma Rancaekek
- 5 menit dari PT Garuda Food Rancaekek
- 7 menit dari Brimob Jabar, Sayang, Jatinangor
- 9 menit dari exit tol cileunyi
- 11 menit dari PT Wings food cileunyi
- 12 menit dari kampus Unpad Jatinangor
- 12 menit dari kampus ITB jatinangor
- 14 menit dari Jatinangor Town Square

Skema pembayaran
- cash
- cash betahap 1 tahun
- kpr syariah ke developer maksimal 5 tahun

Tersedia juga tipe lainnya dan tanah kavling siap bangun

segera kontak admin
Bpk Cocok Properti (0812-1874-3006)
nomor WA tertera", 
41,04-05-2021,https://www.rumah123.com/properti/bandung/hos8126393/,4075000000,Bandung,277,349,7,5,0,0,4,1,1300,SHM,3 MUKA Rumah Mewah Readystock Sejuk Tenang di Lembang dkt Setiabudi,"Rumah Rasa Villa idaman di Lembang dekat Gegerkalong Setiabudi Cihideung
 
 Segera miliki rumah di lingkungan yang sejuk idaman dan nyidaman di kawasan setiabudi, bandung utara, lembang.
 
 Cluster Pesona Syariah
 
 Aksesnya sangat strategis:
 - hanya 15 menit ke upi setiabudi
 - hanya 18 menit ke masjid darut tauhid gegerkalong
 - hanya 20 menit ke sarijadi
 - hanya selangkah ke jalan utama
 
 FREE DESAIN
 GRATIS KONSULTASI JASA ARSITEK
 
 Fasilitas:
 - masjid
 - taman
 - lapangan badminton
 - one gate system
 - keamanan 24 jam non stop
 
 Spesifikasi:
 5 + 2 kamar tidur
 4 + 1 kamar mandi
 ruang tamu
 ruang makan
 ruang keluarga
 ruang kerja
 ruang baca
 mushalla
 dapur
 ruang fitness
 bathub
 4 carport mobil
 taman depan dan kolam ikan
 basement
 
 di dalam cluster one gate system yang lingkungan dan tetangga sudah banyak
 jalan lebar 6-7 meter
 
 promo diskon cash,
 cicilan langsung ke developer tanpa bank
 
 segera kontak admin
 Cocok Properti
 0812-1874-3006 WA
 nomor WA tertera", 
42,04-05-2021,https://www.rumah123.com/properti/bandung/hos8126432/,845000000,Bandung,124,42,5,3,0,0,0,0,1300,SHM,Rumah cocok istirahat di lembang 27 mnt ke ciumbuleuit setiabudi,"Rumah Rasa Villa idaman di Lembang dekat Gegerkalong Setiabudi Cihideung
 
 Segera miliki rumah di lingkungan yang sejuk idaman dan nyidaman di kawasan setiabudi, bandung utara, lembang.
 
 Cluster Pesona Syariah
 
 Aksesnya sangat strategis:
 - hanya 15 menit ke upi setiabudi
 - hanya 18 menit ke masjid darut tauhid gegerkalong
 - hanya 20 menit ke sarijadi
 - hanya selangkah ke jalan utama
 
 FREE DESAIN
 GRATIS KONSULTASI JASA ARSITEK
 
 Fasilitas:
 - masjid
 - taman
 - lapangan badminton
 - one gate system
 - keamanan 24 jam non stop
 
 di dalam cluster one gate system yang lingkungan dan tetangga sudah banyak
 jalan lebar 6-7 meter
 
 promo diskon cash,
 cicilan langsung ke developer tanpa bank
 
 segera kontak admin
 Bpk Cocok Properti (0812-1874-3006)
 nomor WA tertera
 
 *foto adalah rumah contoh yang sudah terjual", 
43,04-05-2021,https://www.rumah123.com/properti/bandung/hos8126448/,379000000,Bandung,82,46,2,1,0,0,1,0,1300,SHM,21mntUnivMuhammadiyah Soekarno Hatta Panyileukan Rumah di Rancaekek,"Apakah Anda menginginkan hunian dalam cluster yang strategis?
 Akses langsung ke jalan utama dan dekat tol?
 
 Zanjabil Town House
 Berlokasi di pusat perkembangan bandung timur. Konsep cluster one gate system dengan keamanan 24 jam non stop.
 
 FREE desain, jasa arsitek gratis
 
 Spesifikasi
 tipe 45
 luas tanah 83m2
 2 kamar tidur
 1 kamar mandi
 ruang tamu
 ruang keluarga
 dapur
 teras
 carport mobil
 halaman depan dan belakang
 
 Bagaimana akses lokasinya?
 - 2 menit ke Borma Rancaekek
 - 5 menit dari PT Garuda Food Rancaekek
 - 7 menit dari Brimob Jabar, Sayang, Jatinangor
 - 9 menit dari exit tol cileunyi
 - 11 menit dari PT Wings food cileunyi
 - 12 menit dari kampus Unpad Jatinangor
 - 12 menit dari kampus ITB jatinangor
 - 14 menit dari Jatinangor Town Square
 
 Skema pembayaran
 - cash
 - cash betahap 1 tahun
 - kpr syariah ke developer maksimal 5 tahun
 
 Tersedia juga tipe lainnya dan tanah kavling siap bangun
 
 segera kontak admin
 Bpk Cocok Properti (0812-1874-3006)
 nomor WA tertera", 
44,04-05-2021,https://www.rumah123.com/properti/bandung/hos8126451/,1400000000,Bandung,119,123,3,2,0,0,0,0,1300,SHM,10mnt EcoPesantren Aa Gym Cigugur Girang Rumah di Gegerkalong Ciwaruga,"Rumah Sejuk idaman di dekat Setiabudi Sarijadi Gegerkalong Ciwaruga
 
 Mencari rumah bukan hanya kemewahan tapi juga kenyidamanan, tapi sayangnya kami punya semuanya, kemewahan, keindahan, kenyidamanan. Segera pilih unitnya
 
 *GRAND DIPALAYA RESIDENCE*
 
 *Lokasi strategis*
 - 10 menit SD, SMP, SMA favorit
 - 5 menit Politeknik Bandung
 - 15 menit Jalan Setiabudi / Enhaii
 - 15 menit UPI
 - 15 menit gerbang tol Pasteur
 
 *Keuntungan Anda:*
 -Lokasi hijau, idaman dan sejuk menambah kenyidamanan para penghuninya
 -Perumahan eklusif limited edition
 -Udara sejuk disertai lingkungan yg hidup dengan fasilitas yang memadai
 -Air jernih
 -Dekat dengan tempat ibadah (masjid)
 -Jalan utama sangat baik dan menjadi jalur alternatif menuju Lembang
 -Private gate dengan gerbang cluster tersendiri dan jalan cluster pavingblock
 -keamananan 24 jam
 
 Yuk ah survey dan booking unitnya sebelum kehabisan
 kontak admin
 Cokok Properti
 WA 0812-1874-3006", 
45,04-05-2021,https://www.rumah123.com/properti/bandung/hos8126445/,955000000,Bandung,126,60,3,2,0,0,0,0,1300,SHM,Rumah dkt wisata di lembang villa istana bunga parongpong cihanjuang,"Rumah Rasa Villa idaman di Lembang dekat Gegerkalong Setiabudi Cihideung
 
 Segera miliki rumah di lingkungan yang sejuk idaman dan nyidaman di kawasan setiabudi, bandung utara, lembang.
 
 Cluster Pesona Syariah
 
 Aksesnya sangat strategis:
 - hanya 15 menit ke upi setiabudi
 - hanya 18 menit ke masjid darut tauhid gegerkalong
 - hanya 20 menit ke sarijadi
 - hanya selangkah ke jalan utama
 
 FREE DESAIN
 GRATIS KONSULTASI JASA ARSITEK
 
 Fasilitas:
 - masjid
 - taman
 - lapangan badminton
 - one gate system
 - keamanan 24 jam non stop
 
 di dalam cluster one gate system yang lingkungan dan tetangga sudah banyak
 jalan lebar 6-7 meter
 
 promo diskon cash,
 cicilan langsung ke developer tanpa bank
 
 segera kontak admin
 Bpk Cocok Properti (0812-1874-3006)
 nomor WA tertera
 
 *foto adalah rumah contoh yang sudah terjual", 
46,04-05-2021,https://www.rumah123.com/properti/bandung/hos8126444/,1400000000,Bandung,118,123,3,2,0,0,0,0,1300,SHM,PROMO 16mnt RSHS pasteur strategis cluster di ciwaruga gegerkalong,"Rumah Sejuk idaman di dekat Setiabudi Sarijadi Gegerkalong Ciwaruga
 
 Mencari rumah bukan hanya kemewahan tapi juga kenyidamanan, tapi sayangnya kami punya semuanya, kemewahan, keindahan, kenyidamanan. Segera pilih unitnya
 
 *GRAND DIPALAYA RESIDENCE*
 
 *Lokasi strategis*
 - 10 menit SD, SMP, SMA favorit
 - 5 menit Politeknik Bandung
 - 15 menit Jalan Setiabudi / Enhaii
 - 15 menit UPI
 - 15 menit gerbang tol Pasteur
 
 *Keuntungan Anda:*
 -Lokasi hijau, idaman dan sejuk menambah kenyidamanan para penghuninya
 -Perumahan eklusif limited edition
 -Udara sejuk disertai lingkungan yg hidup dengan fasilitas yang memadai
 -Air jernih
 -Dekat dengan tempat ibadah (masjid)
 -Jalan utama sangat baik dan menjadi jalur alternatif menuju Lembang
 -Private gate dengan gerbang cluster tersendiri dan jalan cluster pavingblock
 -keamananan 24 jam
 
 Yuk ah survey dan booking unitnya sebelum kehabisan
 kontak admin
 Cokok Properti
 WA 0812-1874-3006", 
47,04-05-2021,https://www.rumah123.com/properti/bandung/hos8126436/,665000000,Bandung,93,52,2,2,0,0,0,0,1300,SHM,promo bahagia rumah di lembang dkt cisarua parongpong cimahi cihideung,"Rumah Villa idaman Sejuk di Lembang dekat Patrol Setiabudhi Cihideung
 
 Free desain
 
 AIR JERNIH, UDARA SEJUK,
 BANYAK BONUS
 
 Villa LA Mansion Lembang
 
 Fasilitas terdekat:
 - masjid
 - PAUD
 - Jalan 6-7 meter
 - Pusat perbelanjaan
 - kawasan wisata
 - fasilitas kesehatan
 - dll
 
 Jarak tempuh:
 5,9 km ke Eko Pesantren
 8 km ke Universitas Pendidikan Indonesia
 7,7 km ke Floating Market
 8,2 km ke Universitas Pasundan
 9,5 km ke Sekolah Tinggi Pariwisata Bandung
 15 km ke Tol Padalarang
 16,3 km ke Tol Pasteur
 15,2 km ke Cimahi
 14,9 km ke Gedung Sate
 
 Segera kontak admin
 Cocok Properti
 WA 0812-1874-3006", 
48,04-08-2021,https://www.rumah123.com/properti/bandung/hos8143416/,1300000000,Bandung,140,150,2,1,0,0,1,0,2200,SHM,"Rumah 1,5lt semi furnish dekat Rs Al islam","EXPERIENCED NETWORK

D I S E W A/D I J U A L

Rumah 1,5lt semi furnish dekat Rs Al islam
Rumah 1,5 lantai
Akses jln lebar
Dekat ke jln Soetta
Dalam kompleks

Luas tanah 140(7x20)
Luas bangunan 150
SHM
Hadap selatan
Thn bangun 2000

Fasilitas :
KT. Utama 1
KM. Utama 1
K. tidur 4
K. mandi 2
Pompa sible
2200W
Carport 1
Semi furnish

Cocok utk rumah tinggal/ kantor

Harga jual 1.3 M nego

Harga sewa 45jt/thn(nego)
PBB : pemilik
S. Deposit : 1 jt
011

SELLING POINTS :
Dekat ke kampus area Jatinangor Cibiru Soekarno Hatta
Dekat Gelora Bandung Lautan Api
20 Menit ke Mall Jatos
5 menit kegedebage / Sumarecon
15 Menit ke tol Cileunyi
15 menit Ke Supermarket Griya Cinunuk
Dekat akses jalan kearah luarkota bandung seperti Sumedang, Rancaekek cicalengka majalaya garut
dekat dengan fasilitas umum Sekolah, transport, klinik, RS, pusat belanja dan Area Bisnis

untuk survei lokasi , buat appointment terlebih dahulu.
Mohon maaf kami tidak bisa memberikan alamat lengkap tanpa didampingi agent kami.", 
49,04-05-2021,https://www.rumah123.com/properti/bandung/hos8126385/,4075000000,Bandung,276,354,7,5,0,0,4,0,1300,SHM,AMAN BETAH Rumah Mewah Readystock Sejuk Tenang Lembang dkt Setiabudi,"Rumah Rasa Villa idaman di Lembang dekat Gegerkalong Setiabudi Cihideung
 
 Segera miliki rumah di lingkungan yang sejuk idaman dan nyidaman di kawasan setiabudi, bandung utara, lembang.
 
 Cluster Pesona Syariah
 
 Aksesnya sangat strategis:
 - hanya 15 menit ke upi setiabudi
 - hanya 18 menit ke masjid darut tauhid gegerkalong
 - hanya 20 menit ke sarijadi
 - hanya selangkah ke jalan utama
 
 FREE DESAIN
 GRATIS KONSULTASI JASA ARSITEK
 
 Fasilitas:
 - masjid
 - taman
 - lapangan badminton
 - one gate system
 - keamanan 24 jam non stop
 
 Spesifikasi:
 5 + 2 kamar tidur
 4 + 1 kamar mandi
 ruang tamu
 ruang makan
 ruang keluarga
 ruang kerja
 ruang baca
 mushalla
 dapur
 ruang fitness
 bathub
 4 carport mobil
 taman depan dan kolam ikan
 basement
 
 di dalam cluster one gate system yang lingkungan dan tetangga sudah banyak
 jalan lebar 6-7 meter
 
 promo diskon cash,
 cicilan langsung ke developer tanpa bank
 
 segera kontak admin
 Cocok Properti
 0812-1874-3006 WA
 nomor WA tertera", 
50,04-05-2021,https://www.rumah123.com/properti/bandung/hos8126370/,749000000,Bandung,93,50,3,1,0,0,1,0,1300,SHM,"Rumah HOOK Full Renov, Second Terawat di Margahayu, dkt RS Al-Islam Bandung","RUMAH Full Renov Tanah Luas di Margahayu Metro Soetta Kota Bandung Akses dekat Tol Buah Batu
 
 Rumah Sudah Renov Bangunan baru Siap Huni di Margahayu Raya Bandung Kota
 SPESIFIKASI:
 - Legalitas SHM
 - Luas Tanah 93 m
 - Luas Bangunan 50 m
 - Posisi HOOK
 - Fondasi Beyond sudah cakar ayam
 - 3 Kamar Tidur
 - 1 Kamar Mandi
 - Carport 1 Mobil
 - Sumur Submersible 50m
 - Bonus CCTV
 
 KEUNGGULAN
 - 1 KM belakang RS Al Islam
 - 1 KM dari Metro Indah Mall, Superindo, SPBU, Griya
 - 3 KM akses Tol Buah Batu
 - 500 m Terminal angkot Margahayu Ledeng
 
 Harga 749 juta NEGO
 Bisa KPR dan Cash
 Proses di Bantu
 Min DP 30 %
 
 INFO SURVEY hubungi: Priska", 
51,04-05-2021,https://www.rumah123.com/properti/bandung/hos8126364/,1295000000,Bandung,66,64,3,2,0,0,0,0,1300,SHM,13mnt RSHS Rumah Strategis cluster Kuldesak di Pasteur Cicendo,"Membeli rumah bukan hanya sekedar tempat tinggal. Akad-akad pembelian rumah juga harus
 diperhatikan, Tanpa Denda, Tanpa Sita, dan Tanpa Bunga Bank. Insya Allah berkah.
 
 Cluster terbaru di Kotamadya Bandung, Aulia Pasteur Harmoni.
 Cluster kuldesak dengan konsep customized design. Sudah include jasa arsitek dan konstruksi.
 
 Akses sangat strategis:
 - 3.8KM ke gerbang tol pasteur
 - 750m ke Stasiun Cimindi
 - Seberang SMKN 11 Kota Bandung
 - 1.2KM Gateway Pasteur
 - 1.6KM SMAN 13 Kota Bandung Andir
 - 10 menit Bandara Husein Sastranegara
 - 4.8KM RS Hermina Pasteur
 - 4.4KM Kampus Maranatha
 - 16 menit Kampus ITB Ganesha Dago
 - 12 menit Istana Plaza Pasir Kaliki
 - 2.5KM Borma Dakota Pasteur
 - 11 menit RS Kebon Jati Andir
 - 13 menit RSHS Kota Bandung
 
 Proyek perdana, harga perdana
 Ada penawaran khusus untuk Anda diantaranya:
 - bonus kitchen set
 - bonus taman depan dan belakang
 - dan bonus lainnya yang akan sampaikan, jika Bapak/Ibu mengontak saya
 sekarang juga
 
 kontak saya sekarang
 Sahabat AJL
 0812-1010-9696 WA", 
52,04-05-2021,https://www.rumah123.com/properti/bandung/hos8126302/,845000000,Bandung,126,41,2,1,0,0,0,0,1300,SHM,Rumah cluster syariah di lembang akses bisa via dago punclut utara,"Rumah Rasa Villa idaman di Lembang dekat Gegerkalong Setiabudi Cihideung
 
 Segera miliki rumah di lingkungan yang sejuk idaman dan nyidaman di kawasan setiabudi, bandung utara, lembang.
 
 Cluster Pesona Syariah
 
 Aksesnya sangat strategis:
 - hanya 15 menit ke upi setiabudi
 - hanya 18 menit ke masjid darut tauhid gegerkalong
 - hanya 20 menit ke sarijadi
 - hanya selangkah ke jalan utama
 
 FREE DESAIN
 GRATIS KONSULTASI JASA ARSITEK
 
 Fasilitas:
 - masjid
 - taman
 - lapangan badminton
 - one gate system
 - keamanan 24 jam non stop
 
 di dalam cluster one gate system yang lingkungan dan tetangga sudah banyak
 jalan lebar 6-7 meter
 
 promo diskon cash,
 cicilan langsung ke developer tanpa bank
 
 segera kontak admin
 Bpk Cocok Properti (0812-1874-3006)
 nomor WA tertera
 
 *foto adalah rumah contoh yang sudah terjual", 
53,04-05-2021,https://www.rumah123.com/properti/bandung/hos8126284/,1415000000,Bandung,64,67,3,2,0,0,0,0,1300,SHM,3.3KM Gerbang Tol Pasteur Rumah Lingkungan Islami di Cicendo Sukaraja,"Memiliki hunian yang strategis akses dekat kemana2,
 merupakan impian semua orang. Akan tetapi lingkungan yang islami juga
 sangat penting untuk tumbuh kembang Buah hati dan kenyamanan keluarga Anda.
 Cluster terbaru di Kotamadya Bandung, Aulia Pasteur Harmoni.
 Konsep customized design.
 
 Akses sangat strategis:
 - 3.8KM ke gerbang tol pasteur
 - Seberang SMKN 11 Kota Bandung
 - 1.2KM Gateway Pasteur
 - 1.6KM SMAN 13 Kota Bandung Andir
 - 4KM Borma CIjerah
 - 10 menit Bandara Husein Sastranegara
 - 4.8KM RS Hermina Pasteur
 - 4.4KM Kampus Maranatha
 - 16 menit Kampus ITB Ganesha Dago
 - 12 menit Istana Plaza Pasir Kaliki
 - 11 menit Samsat Pajajaran
 - 2.5KM Borma Dakota Pasteur
 - 11 menit RS Kebon Jati Andir
 - 13 menit RSHS Kota Bandung
 - 16 menit Braga City Walk
 - 16 menit Museum Asia Afrika
 - 14 menit PVJ Sukajadi
 
 kontak saya sekarang
 Sahabat AJL
 0812-1010-9696 WA", 
54,04-05-2021,https://www.rumah123.com/properti/bandung/hos8126288/,353000000,Bandung,62,32,2,1,0,0,1,0,1300,SHM,"Rumah Cluster Dp 30 JT All in di Katapang, 1 km dari Jalan Raya KOPO-Katapang, MURAH MODERN","MURAH MERIAH BISA KPR dengan DP Ringan Sertifikat Hak Milik Lokasi di Kopo Katapang Bandung Selatan
 
 Dilengkapi dengan sisa lahan dibelakang untuk dijadikan Kebun Pribadi, Gudang, Tempat Cucian atau Jemuran dan banyak lagi sesuai keinginan Anda.
 Tunggu apalagi.. Segera Survey atau Booking online unit idamanmu sebelum kehabisan!
 
 Harga CASH 353 jtan
 Promo DP 30 juta Sudah SHM dan ALL IN!
 Cicilan 1,8 jtan
 LEGALITAS TERJAMIN!
 (Free Biaya KPR, BPHTB, AJB, SHM)
 
 TIPE 30
 Luas tanah 62
 - 1 Lantai
 - 2 Kamar Tidur
 - 1 Kamar Mandi
 - 1 Ruang Keluarga
 - 1 Dapur
 - 1 Carport
 - 1 Taman
 - One Gate System
 - Keamanan 24 Jam
 - Bebas Banjir
 
 Lokasi Strategis:
 - 15 menit dari Tol Soroja (Pintu Tol Katapang)
 - Dekat dengan rencana LRT Katapang
 - Dekat Jalan Raya Kopo Soreang (Sekitar 1 km)
 - Dekat Pasar Cikambuy
 - Dekat Kawasan Industri (Trikencana, Eiger, Sinar Runnerindo, Hilon, dll)
 - Dekat Kawasan Pendidikan (SMKN 1 Katapang)
 
 Info lebih lanjut hub Marketing Resmi : Priska", 
55,04-05-2021,https://www.rumah123.com/properti/bandung/hos8126276/,955000000,Bandung,124,64,3,2,0,0,0,0,1300,SHM,Rumah tenang di lembang 15mnt Eco pesantren cigugur girang cisarua,"Rumah Rasa Villa idaman di Lembang dekat Gegerkalong Setiabudi Cihideung
 
 Segera miliki rumah di lingkungan yang sejuk idaman dan nyidaman di kawasan setiabudi, bandung utara, lembang.
 
 Cluster Pesona Syariah
 
 Aksesnya sangat strategis:
 - hanya 15 menit ke upi setiabudi
 - hanya 18 menit ke masjid darut tauhid gegerkalong
 - hanya 20 menit ke sarijadi
 - hanya selangkah ke jalan utama
 
 FREE DESAIN
 GRATIS KONSULTASI JASA ARSITEK
 
 Fasilitas:
 - masjid
 - taman
 - lapangan badminton
 - one gate system
 - keamanan 24 jam non stop
 
 di dalam cluster one gate system yang lingkungan dan tetangga sudah banyak
 jalan lebar 6-7 meter
 
 promo diskon cash,
 cicilan langsung ke developer tanpa bank
 
 segera kontak admin
 Sahabat Aulia Java Land (0812-1010-9696)
 nomor WA tertera
 
 *foto adalah rumah contoh yang sudah terjual", 
56,04-05-2021,https://www.rumah123.com/properti/bandung/hos8126263/,1850000000,Bandung,101,101,3,2,0,0,0,0,1300,SHM,PROMO 11mntPusdai Surapati Cihaur geulis Rumah Cantik di dago cigadung,"Grande Takayama
 
 Hunian Gaya Jepang Berkelas Di Kawasan Elite Dago Bandung Utara Kotamadya Bandung
 
 Kini Memiliki Rumah di Kotamadya Bandung dengan Harga Terjangkau Bukan Lagi Sekedar Angan
 Promo Hanya 1 Unit Saja
 Jangan sampai nyesel. ga kebagian
 
 *STRATEGIS DEKAT FASILTAS UMUM*
 1 menit Dari Dago Heritage 1917 Golf Course
 3 menit Dari The Stone Cafe Bandung Dago
 8 menit Dari Taman Hutan Raya Ir. H. Djuanda
 9 menit Dari Universitas Padjadjaran
 13 menit Dari Gedung Sate Bandung
 11 menit Dari Dago Dream Park
 9 menit Dari Institut Teknologi Bandung
 11 menit Dari Rumah Sakit Borromeus Dago
 14 menit Dari Paris Van Java Sukajadi
 15 menit Dari Gerbang Tol Pasteur
 
 Harga Pasaran : 2 Milyar
 Harga Promo : 1.85 M saja
 Diskon 150 Juta untuk Cash Keras
 Diskon 100 Juta untuk Cash Bertahap
 BONUS : Kitchen Set Exclusive, Water Heater, dan Submersible Tiap Rumah
 
 Sayangnya, promo ini HANYA 1 UNIT Pertama saja..
 Sebelum kehabisan, silakan hubungi:
 Cocok Properti
 0812-8097-4857 WA", 
57,04-05-2021,https://www.rumah123.com/properti/bandung/hos8126241/,665000000,Bandung,95,53,2,2,0,0,0,0,1300,SHM,hunian asri di lembang parongpong cisarua 30mnt padalarang cimahi,"Rumah Villa idaman Sejuk di Lembang dekat Patrol Setiabudhi Cihideung
 
 Free desain
 
 AIR JERNIH, UDARA SEJUK,
 BANYAK BONUS
 
 Villa LA Mansion Lembang
 
 Fasilitas terdekat:
 - masjid
 - PAUD
 - Jalan 6-7 meter
 - Pusat perbelanjaan
 - kawasan wisata
 - fasilitas kesehatan
 - dll
 
 Jarak tempuh:
 5,9 km ke Eko Pesantren
 8 km ke Universitas Pendidikan Indonesia
 7,7 km ke Floating Market
 8,2 km ke Universitas Pasundan
 9,5 km ke Sekolah Tinggi Pariwisata Bandung
 15 km ke Tol Padalarang
 16,3 km ke Tol Pasteur
 15,2 km ke Cimahi
 14,9 km ke Gedung Sate
 
 Segera kontak admin
 Cocok Properti
 WA 0812-1874-3006", 
58,04-05-2021,https://www.rumah123.com/properti/bandung/hos8126231/,367000000,Bandung,76,38,2,1,0,0,0,0,1300,SHM,PROMO Rumah ngamprah MURAH padalarang cilame tol stasiun parahyangan,"Rumah Perumahan idaman di dkt awani cilame cimahi padalarang cimareme
 
 Siapa yang tak tau Kota idaman Parahyangan?
 
 Kawasan Perumahan di Bandung, bukan, Bahkan sudah menjadi Kota Mandiri
 
 Memiliki Fasilitas sangat Lengkap mulai Pendidikan hingga Hiburan semua ada disini.
 
 Tipe dengan LT 100 m2 Harganya sudah mencapai 1 M bahkan Lebih.
 
 FANTASTIS!!!
 segera miliki rumah idaman harga perdana hanya 300 jutaan. lokasi strategis hanya 10 menit kota idaman parahyangan
 
 rumah berada di kawasan berkembang Mekarsari eco living sebuah hunian yang idaman dan nyidaman dengan fasilitas lengkap. lokasi pinggir jalan raya, bebas banjir dan keamananan 24 jam non stop
 
 Mekarsari Eco Living
 
 Lokasi Strategis
 dekat ke jalan utama
 dekat ke tol padalarang
 dekat ke kantor bupati bandung Barat
 dekat ke kota idaman Parahyangan
 
 harga cash 367jt
 
 Fasilitas
 masjid besar
 jalan besar cluster 6-12 meter
 taman
 one gate
 security 24 jam
 Bulan depan harga naik
 
 segera kontak admin
 Cocok Properti
 WA 0812-1874-3006", 
59,04-05-2021,https://www.rumah123.com/properti/bandung/hos8126219/,1035000000,Bandung,72,67,3,2,0,0,0,0,1300,SHM,2.5KM Borma Dakota Rumah Baru Mewah SHM di Cluster Pasteur Cicendo,"Memiliki hunian yang strategis akses dekat kemana2,
 merupakan impian semua orang. Akan tetapi lingkungan yang islami juga
 sangat penting untuk tumbuh kembang Buah hati dan kenyamanan keluarga Anda.
 Cluster terbaru di Kotamadya Bandung, Aulia Pasteur Harmoni.
 Konsep customized design.
 
 Akses sangat strategis:
 - 3.8KM ke gerbang tol pasteur
 - Seberang SMKN 11 Kota Bandung
 - 1.2KM Gateway Pasteur
 - 1.6KM SMAN 13 Kota Bandung Andir
 - 4KM Borma CIjerah
 - 10 menit Bandara Husein Sastranegara
 - 4.8KM RS Hermina Pasteur
 - 4.4KM Kampus Maranatha
 - 16 menit Kampus ITB Ganesha Dago
 - 12 menit Istana Plaza Pasir Kaliki
 - 11 menit Samsat Pajajaran
 - 2.5KM Borma Dakota Pasteur
 - 11 menit RS Kebon Jati Andir
 - 13 menit RSHS Kota Bandung
 - 16 menit Braga City Walk
 - 16 menit Museum Asia Afrika
 - 14 menit PVJ Sukajadi
 
 kontak saya sekarang
 bpk Cocok Properti
 0812-1874-3006 WA", 
60,04-05-2021,https://www.rumah123.com/properti/bandung/hos8126217/,1850000000,Bandung,102,101,3,2,0,0,0,0,1300,SHM,10mnt Masjid Salman ITB Dago Rumah Desain Jepang Best View di Cigadung,"Grande Takayama
 
 Hunian Gaya Jepang Berkelas Di Kawasan Elite Dago Bandung Utara Kotamadya Bandung
 
 Kini Memiliki Rumah di Kotamadya Bandung dengan Harga Terjangkau Bukan Lagi Sekedar Angan
 Promo Hanya 1 Unit Saja
 Jangan sampai nyesel. ga kebagian
 
 *STRATEGIS DEKAT FASILTAS UMUM*
 1 menit Dari Dago Heritage 1917 Golf Course
 3 menit Dari The Stone Cafe Bandung Dago
 8 menit Dari Taman Hutan Raya Ir. H. Djuanda
 9 menit Dari Universitas Padjadjaran
 13 menit Dari Gedung Sate Bandung
 11 menit Dari Dago Dream Park
 9 menit Dari Institut Teknologi Bandung
 11 menit Dari Rumah Sakit Borromeus Dago
 14 menit Dari Paris Van Java Sukajadi
 15 menit Dari Gerbang Tol Pasteur
 
 Harga Pasaran : 2 Milyar
 Harga Promo : 1.85 M saja
 Diskon 150 Juta untuk Cash Keras
 Diskon 100 Juta untuk Cash Bertahap
 BONUS : Kitchen Set Exclusive, Water Heater, dan Submersible Tiap Rumah
 
 Sayangnya, promo ini HANYA 1 UNIT Pertama saja..
 Sebelum kehabisan, silakan hubungi:
 Cocok Properti
 0812-8097-4857 WA", 
61,04-07-2021,https://rumahdijual.com/10454560,1473000000,Bandung,120,65,3,2,0,0,0,0,2200,SHM,Hunian Nyaman Modern Cocok Untuk Investasi View Alam di Cimahi,"Rumah semi Villa dan Resort di Bandung,dekat Alun-Alun dan Masjid Raya Cimahi
 Akses jalan Strategis berada di jalur wisata Cimahi dan Lembang bebas macet
 jalan menuju lokasi rumah mudah dan lebar jalan bisa untuk 2 mobil di lengkapi dengan Maingate yang unik dan cantik
 di dukung dengan Pos Security menghadirkan tenaga Security yang terdidik dan sangat ramah.",
62,04-07-2021,https://rumahdijual.com/10454559,1897275000,Bandung,120,98,2,2,0,0,1,0,2200,SHM,"VALLE VERDE, Premium And Exclusive Villa & Residences dii Cisaru Bandung","Valle Verde, Premium Exclusive Villa Residence, Cisarua Kabupaten Bandung Barat
 Sebuah kawasan hunian premium dengan konsep Villa yang akan memanjakan hidup harmony dengan pemandangan lembah. pegunungan.
 Keunggulan Valle Verde
 - Berada di ketinggian 1180 mdpl yang memiliki udara sejuk & tidak ada polusi.
 - Semua unit mendapatkan view panorama Kota Bandung/Cimahi.
 - Ekskkusif dan privat - hanya 79 unit.
 - Unit Villa dapat dikelola untuk disewakan. Jaringan pemasaran : Traveloka, Bookingdotcom, Pegi-Pegi, Agoda, dll.",
63,04-07-2021,https://rumahdijual.com/1788488,1300000000,Bandung,152,147,4,4,1,0,1,1,2200,SHM,Dijual Rumah Arcamanik Antapani Luas 150m 2Lantai Taman Belakang,"Dijual Cepat Jarang Ada
 Khusus Pembeli
 Mohon Konfirmasi Survey H-1
 Rumah minimalis kokoh siap huni layout lega sirkulasi bagus ada taman belakang luas hanya perlu cat ulang tampak depan
 Lingkungan aman nyaman jalan depan lebar
 Strategis dekat ke Pusat perbelanjaan, perkantoran, pusat kuliner, Mesjid dan keperluan lainnya
 Cocok untuk hunian atau investasi anda",
64,04-07-2021,https://rumahdijual.com/9182984,845000000,Bandung,92,80,3,1,0,0,2,2,1300,SHM,Jual Rumah Minimalis Modern Gempol Cijerah Cluster Siap Huni,"Dijual Cepat Jarang Ada
 Khusus Pembeli Langsung
 Mohon Konfirmasi Survey H-1
 Rumah model minimalis, kokoh, siap huni, layout bagus
 Lingkungan aman nyaman one gate system
 Lokasi sangat strategis dekat kawasan textile Cigondewah, Atm, Minimarket, kawasan pendidikan, Pom bensin dll
 Cocok untuk huni atau investasi",
65,04-07-2021,https://rumahdijual.com/10454544,1772020000,Bandung,120,98,2,2,0,0,0,0,2200,SHM,Premium Exclusive Villa Residence Valle Verde Bandung | PROF M,"Kode Iklan PROF M
 Valle Verde, Premium Exclusive Villa Residence, Cisarua Kabupaten Bandung Barat
 Sebuah kawasan hunian premium dengan konsep Villa yang akan memanjakan hidup harmony dengan pemandangan lembah. pegunungan.
 Keunggulan Valle Verde
 - Berada di ketinggian 1180 mdpl yang memiliki udara sejuk & tidak ada polusi.
 - Semua unit mendapatkan view panorama Kota Bandung/Cimahi.
 - Ekskkusif dan privat - hanya 79 unit.
 - Unit Villa dapat dikelola untuk disewakan. Jaringan pemasaran : Traveloka, Bookingdotcom, Pegi-Pegi, Agoda, dll.",
66,04-07-2021,https://rumahdijual.com/9515291,1200000000,Bandung,120,67,3,2,0,0,1,0,2200,SHM,Rumah Mewah di Kolonel Masturi Cimahi,"Rumah Strategis, Mainroad, Konsep Villa di Cimahi, mau?
 Perumahan cantik, konsep eco living dan desain arsitektural yang menarik.
 Unit ready stock
 Kawasan perumahan sudah terbentuk.
 Fasum dan fasos sudah tersedia.
 One gate keamanan 24 jam.
 *Lokasi Strategis:*
 - 15 menit ke tol Baros
 - 3 menit ke wisata alam Cimahi
 - 20 menit ke wisata Dusun Bambu
 - 30 menit ke Lembang
 - 5 menit ke pasar atas Cimahi
 - akses mainroad Kolonel Masturi
 Tersedia type rumah yang ready stock dan indent",
67,04-07-2021,https://rumahdijual.com/8894706,550000000,Bandung,76,50,2,2,0,0,1,0,1300,SHM,Rumah claster ready stock di Cihanjung Cimahi,"CLUSTER PANORAMA CIHANJUANG
 PROMO TERBATAS !!
 Cluster Exclusive 5 unit
 *Hunian nyaman, aman, nuansa asri, berlokasi di Jl Cihanjuang
 Cluster one gate system 24 jam, lokasi strategis.*
 Lokasi Strategis :
 - 6 menit ke pusat pendidikan (MTS & MA Asih Putra, TKIT BHC, Almarhamah Kiducation, dll).
 - 7 Menit ke Borma Cihanjuang.
 - 19 Menit ke Dusun Bambu.
 - 8 Menit ke Pemkot Cimahi.
 - 17 Menit ke Pintu tol Baros Cimahi.",
68,04-07-2021,https://rumahdijual.com/10454540,699500000,Bandung,120,50,2,2,0,0,1,0,1300,SHM,"Rumah Villa Baru Jatinangor Bandung Timur Dkt ITB, IPDN, Unpad,Tol Cileunyi","Dijual Rumah Modern Minimalis Konsep Eco Living, Lokasi Strategis di Jatinangor Bandung/Hunian sehat dan hemat energi dengan suasana puncak setiap hari,dikelilingi view alam dengan view terbaik Gunung Manglayang,
 Perumahan mnggunakan konsep ECO LIVING yang mengimplementasi optimasi penggunaan energi, sirkulasi udara dan penggunaan sumur resapan dan biopori yang mendukung Water Conservation. Karena itu ketika anda berada di dalam ruangan anda tidak akan merasa gerah karena udara tersirkulasi dengan baik.
 Keunggulan Lokasi :
 - Di apit oleh 2 pintu tol Cileunyi dan Cisumdawu
 - Dekat dengan kampus ITB,UNPAD, IKOPIN, STPDN
 - Dekat dengan Rumah Sakit AMC
 - Dekat dengan pusat pembelanjaan Jatos (Jatinangor Square)",
69,04-07-2021,https://rumahdijual.com/10098001,950000000,Bandung,100,120,4,3,0,0,0,0,1300,SHM,Baru cisaranten kulon,"Dijual rumah baru hanya 3unit saja Di perumahan cisaranten kulon arcamanik.
 Lingkungannya nyaman & Aman
 Fasilitas lengkap
 Bebas banjir
 10menit Dari sport jabar arcamanik.
 Lt100 / lb120
 Fs. 4kt.3km.1300w.shm.sibel.carport.
 Rp. 950jt nego
 Info hub:dadenurdin
 Tlp/wa :082121278949",
70,04-07-2021,https://rumahdijual.com/10098040,850000000,Bandung,159,105,4,3,0,0,0,0,1300,SHM,MURAAH cisaranten wetan,"Dijual rumah siaphuni MURAH.. Di cisaranten wetan cinambo.
 Lingkungan nyaman & aman
 Fasilitas cukup lengkap
 Bebas banjir.
 Lokasi cukup strategis
 10menit Dari jl polda jabar sukarnohatta
 10menit Dari RS ujungberung
 10menit Dari alun2 Ujang berung
 Lt159 /lb105
 Fs. 4kt.3km.1300w.shm.jetpump.carport.taman
 Rp. 950jt negoo
 Info hub : dadenurdin
 Tlp/wa : 082121278949",
71,04-07-2021,https://rumahdijual.com/8636672,3250000000,Bandung,210,300,4,3,1,1,1,1,4400,SHM,"208. RUMAH LUX 2 LANTAI DI MEGARAYA, PASTEUR BANDUNG","Dijual Rumah LUX di Megaraya, Pasteur Bandung
  Lt. 210
  Lb. 300
  SHM
  4 kamar tidur + 1 Kamar Tidur Pembantu
  3 kamar mandi + 1 Kamar Mandi Pembantu
  Listrik 4.400 watt
  Garasi 1 Mobil
  Carport 1 Mobil
  Air Sumersible
  Hadap Barat
 
 Fasilitas Rumah
  Internet
  Anti Petir
  Indovision
  CCTV
 
 # Harga Rp 3.25 M ( Nego )",
72,04-07-2021,https://rumahdijual.com/10455160,1400000000,Bandung,84,40,2,1,0,0,0,0,2200,SHM,Rumah Impian di Podomoro Park Bandung Super Nyaman Dijamin Idaman,"Rumah Impian di Podomoro Park Bandung Material Dijamin Kualitasnya
 Podomoro Park perumahan exclusive baru di Bandung dekat akses tol dan Sarana Pendidikan.
 Dengan lahan hunian teduh 130Ha berlatar pegunungan dengan konsep Bandung Selatan Tempoe Doloe
 Podomoro Park Bandung menawarkan konsep green living yang sangat terasa dengan green area, lake, dan open space lebih dari 50%.
 Podomoro Park menawarkan:
 Cluster Padmagriya
 - Tipe 5.5x10.5
 - Tipe 6x11
 - Tipe 7x12
 HARGA BERLAKU UNTUK TIPE 7 x 12 (HOOK)",
73,04-07-2021,https://rumahdijual.com/9558771,477000000,Bandung,100,48,2,1,0,0,1,0,1300,SHM,Rumah Cluster Cilamr Dekat Pemkab Bandung Barat,"Sebuah hunian yang memiliki konsep tertatanya interaksi antar keluarga, tetangga dan juga masyarakat sekitarnya. Hunian yang Berkelas, Asri, Nyaman, dan Aman dengan keamanan 24 jam non stop.
 
 *Best Point*:
 - 15 Menit dari Gerbang Tol Padalarang
 - 5 Menit dari Kantor Bandung Barat ( KBB )
 - 15 Menit dari Borma Cimahi
 - 10 Menit dari sekolah Al - Azhar",
74,04-07-2021,https://rumahdijual.com/10342938,950000000,Bandung,95,70,3,2,0,0,2,0,2200,SHM,Rumah 2 Lt Cluster Baru Dpn Margawangi Estate Margacinta Ciwastra Dkt Tol Buah Batu,Dijual l / investasi,
75,04-07-2021,https://rumahdijual.com/8647258,7000000000,Bandung,728,250,5,4,0,0,2,1,2200,SHM,"Rumah terawat siap huni di Cisitu Indah, Dago Bandung","Dijual Rumah Terawat Siap Huni di Cisitu Indah, Dago Bandung
  Lt. 728
  Lb. 250
  SHM
  5 kamar tidur
  4 kamar mandi
  Listrik
  Garasi 1 Mobil
  Carport 2 Mobil
  Air Pdam
 Fasilitas Rumah
  AC
  Water heater
  Line Tlp
 # Harga Rp 7 M ( Nego )",
76,04-07-2021,https://rumahdijual.com/10022813,385000000,Bandung,72,45,2,2,0,0,1,0,1300,SHM,RUMAH 2 LANTAI CUMA 300 JUTAAN! DEKAT TOL BUAHBATU,"Keunggulan lokasi:
 1. Di belakang Kawasan Agung Podomoro Land
 2. 10 menit ke gerbang tol Buahbatu
 3. 10 menit ke Transmart
 4. 8 menit ke STT Telkom
 Ada berapa type rumah & harganya?
 DESAIN BEBAS LUAR DALAM Type 45/72 Rp.385 juta all in
 Sistem Pembayaran
 1. Cash Keras
 2. Cash Bertahap Sampai 12 bulan",
77,04-07-2021,https://rumahdijual.com/10022638,8000000000,Bandung,227,325,6,4,0,0,2,0,4400,SHM,RUMAH SECOND SEKEN DI PASTEUR SUKAMULYA BANDUNG,"Rumah Tinggal dekat Exit Tol Pasteur, :Jln. Terusan Sukamulya, Pasteur, Bandung",
78,04-07-2021,https://rumahdijual.com/10022617,7500000000,Bandung,540,360,5,4,0,0,4,2,3300,SHM,JUAL RUMAH MEWAH + KOLAM RENANG DI DAGO RESORT BANDUNG,"Hunian yang nyaman dan berada di kawasan terbaik di Bandung dengan udara yang sejuk dan pepohonan yang rindang membuat rumah di kawasan ini sangat diminati oleh para pencari property baik dalam kota maupun luar kota, segera miliki rumah impian anda di Resort Dago Pakar Luas Tanah: 542m2
 Luas Bangunan: 360m2
 Lebar Muka: 14 meter
 Sertifikat: SHM + IMB
 Kamar Tidur: 5
 Kamar Mandi: 4
 Jumlah Lantai: 2
 Listrik: 3300
 Hadap barat
 Sumber Air air artesis
 Bangunan Tahun 2007
 Gudang
 Air Panas
 2 Bathtub
 Kolam Renang 8x5 m
 Kolam Ikan Koi
 Mini Bar
 Taman belakang
 Baru renov
 Garasi: 2 mobil
 Carport: 4 mobil
 Hadap:Barat
 Lokasi dekat hotel Intercontinental Dago Pakar Bandung dan Dekat Mountain View Dago Pakar Golf Course
 
 
 Info lengkap: https://rumahdijual.com/bandung/10022617-rumah-mewah-kolam-renang-di-dago-resort-bandung.html
 Follow us: @rumahdijual on Twitter - RumahDijual.com on Facebook",
79,04-07-2021,https://rumahdijual.com/7965473,3550000000,Bandung,277,440,5,5,1,0,3,1,2200,SHM,"Dijual Rumah Minimalis Siap Huni di Suryalaya, Buah Batu Bandung","Dijual Rumah Minimalis Siap Huni di Suryalaya, Buah Batu Bandung.
  Lt. 277
  Lb. 400
  SHM
  5 kamar tidur + 1 kamar pembantu
  5 kamar mandi
  Listrik 2200 watt
  Garasi 1 Mobil
  Carport 3 Mobil
  Air Jetpump
 
 # Harga Rp 3.55 M (Nego)",
80,04-07-2021,https://rumahdijual.com/9749092,1990000000,Bandung,158,128,3,2,1,1,2,0,2200,SHM,RUMAH BARU MINIMALIS DI KEMBAR - BANDUNG PUSAT,"Dijual Rumah Baru 1 Lantai di Kembar, Bandung Pusat

 Lt. 158

 Lb. 128

 SHM

 3 kamar tidur + 1 Kamar Pembantu

 2 Kamar mandi + 1 Kamar Mandi Pembantu

 Carport 2 Mobil

 Listrik 2.200 watt

 Air Pdam
 

# Harga Rp 1.99 M ( Nego )",
81,04-08-2021,https://rumahdijual.com/9688905,350000000,Bandung,98,36,2,1,0,0,1,0,1300,SHM,"RUMAH DIJUAL: RUMAH DIKOMPLEK POLISI ARYA GRAHA, KETAPANG BANDUNG| DIGITALBROKER","Rumah Dijual di Katapang Bandung
 IDR 350.000.000
 DIJUAL CEPAT RUMAH DI KOMPLEK POLISI ARYA GRAHA, KATAPANG BANDUNG
 DIJUAL RUMAH DILOKASI STRATEGIS DI KATAPANG BANDUNG
 
 Promo HEBOOH bisa tanpa DP. Syarat Income minimal 7.5 Juta perbulan Angsuran 3jutaan
 Buruan hanya 1 unit
 
 
 SPESIFIKASI:
 Luas Tanah: 98
 Luas Bangunan: 36
 Kamar Tidur: 2
 Kamar Mandi: 1
 Orientasi Menghadap: utara
 Pasokan Listrik (watt): 1300
 Sumber Air: Jetpump
 Carport: 1
 Garasi:
 Legalitas: SHM
 Jumlah lantai: 1
 Bebas Banjir ? : Ya
 Line Telephon: -
 Jumlah AC: -
 Lebar Akses Jalan: 5m
 Bangunan Tahun: 2007
 Kamar Tidur Pembantu: -
 Kamar Mandi Pembantu: -
 SELLING POINT:
 - Lokasi strategis dekat Borma Katapang
 - 15 menit ke pintu tol soreang
 - Dibawah harga pasar
 Harga 350 Juta (nego)
 
 
 0
 
 Kode Iklan DIGITALBROKER",
82,04-11-2021,https://rumahdijual.com/8953701,140000000,Bandung,70,27,2,1,0,0,0,1,900,SHM,Miliki Rumah Tanpa Dp & Cicilan 800 Ribuan di Cicalengka Bandung Timur,"Rumah Subsidi Tanpa DP di Cicalengka Bandung Timur, Akses Stasiun Cicalengka


Spesifikasi
Luas tanah : 70 m2
Luas bangunan : 27 m2
Kamar tidur : 2
Kamar mandi : 1
Daya listrik : 900 watt
Sumber air : PDAM


Selling point
Rumah siap huni, tinggal 50 unit
Berada di kawasan estate
Bersubsidi dari FLPP
900 m dari Jl. Raya Bandung - Garut
900 m ke Stasiun Cicalengka
Dilalui transportasi umum
Dekat dengan kawasan industri
Dekat Gerbang Tol Cileunyi
Lingkungan sejuk


Persyaratan
Warga Jawa Barat (KTP), usia 23 tahun - 50 tahun
Pegawai tetap minimal 2 tahun kerja atau wiraswasta lebih dari 2 tahun
Belum memiliki rumah
BI checking aman
Penghasilan Rp 4 juta - Rp 8 juta (suami + istri)


Harga Rp 140.000.000
Harga rumah stok Rp 240.000.000
Subsidi pemerintah Rp 100.000.000
Cicilan 20 tahun Rp 800 ribuan (BTN)


Note :
Booking fee Rp 1.000.000
Biaya notaris, PPHTB dan lain-lain Rp 7.000.000 (ditanggung oleh debitur)
Siapkan dana 5 % jika terjadi penurunan plafound kredit dari Bank BTN


Hubungi:
Siti Khodijah
HP: 088222406622
WA: wa.me/6288222406622",
83,04-08-2021,https://rumahdijual.com/9549343,389000000,Bandung,69,36,2,1,0,0,0,0,1300,SHM,Rumah Cluster Cileunyi - 5 MENIT ke UNPAD Jatinangor,"JUAL RUMAH BARU DI CILEUNYI WA 0811 2051 097
 MULAI 300 JUTAAN
 5 MENIT KE PINTU TOL CILEUNYI
 5 MENIT KE IPDN, IKOPIN, ITB, UNPAD JATINANGOR
 
 Hunian aman,nyaman & strategis cocok untuk rumah tinggal &istirahat dengan suasana alam yang menyegarkan...
 
 Tersedia type:
 - 36/72, harga diskon cash keras Rp 400 juta
 - 36/69, harga diskon cash keras Rp 350 juta
 - 30/60, harga diskon cash keras Rp 335 juta
 
 JIKA KPR:
 *DP ALL IN mulai 10 jutaan*
 *Bebas biaya surat & pajak*
 *SHM*
 *Cicilan mulai 2,8 jutaan*
 
 Rumah dengan konsep minimalis & spesifikasi bangunan terbaik dikelasnya:
 - Dinding bata merah
 - Lantai Granit 60x60
 - Genteng beton
 - Atap baja ringan
 - Listrik token 1300w
 - Air sumur summersible
 
 Lokasi strategis:
 - 5 menit dari pintu tol Cileunyi
 - 5 menit ke Edutown/pusat pendidikan Jatinangor
 - Dekat dengan pasar tradisional
 - Dekat dengan Griya & Borma
 - Dekat dengan RS.AMC
 
 Hubungi:
 Santo
 0811 2051 097",
84,04-08-2021,https://rumahdijual.com/9549329,361000000,Bandung,60,30,2,1,0,0,0,0,1300,SHM,Rumah Cluster Cileunyi - 5 MENIT ke Pintu Tol & Jatinangor,"JUAL RUMAH BARU DI CILEUNYI WA 0811 2051 097
 5 MENIT KE PINTU TOL CILEUNYI
 5 MENIT KE IPDN, IKOPIN, ITB, UNPAD JATINANGOR
 
 Hunian aman,nyaman & strategis cocok untuk rumah tinggal &istirahat dengan suasana alam yang menyegarkan...
 
 JIKA KPR:
 *DP ALL IN mulai 15 jutaan*
 *Bebas biaya surat & pajak*
 *SHM*
 *Cicilan mulai 3,1 jutaan*
 
 Rumah dengan konsep minimalis & spesifikasi bangunan terbaik dikelasnya:
 - Dinding bata merah
 - Lantai Granit 60x60
 - Genteng beton
 - Atap baja ringan
 - Listrik token 1300w
 - Air sumur summersible
 
 Lokasi strategis:
 - 5 menit dari pintu tol Cileunyi
 - 5 menit ke Edutown/pusat pendidikan Jatinangor
 - Dekat dengan pasar tradisional
 - Dekat dengan Griya & Borma
 - Dekat dengan RS.AMC
 
 Hubungi:
 Santo
 0811 2051 097",
85,04-08-2021,https://rumahdijual.com/9549305,720000000,Bandung,83,80,3,2,0,0,1,0,1300,SHM,RUMAH DIJUAL: 10 MENIT KE TOL PADALARANG: RUMAH 2 LANTAI CILAME BANDUNG BARAT,"JUAL RUMAH DI CILAME BANDUNG BARAT, WA 0811 2051 097
 - 10 MENIT KE PINTU TOL PADALARANG
 - 3 MENIT KE PEMKAB BANDUNG BARAT
 
 Hunian nyaman untuk keluarga di Bandung Barat. Desain yang berkelas, asri, nyaman dan aman dengan keamanan 24 jam.
 Dibangun dengan spesifikasi bahan bangunan berkualitas tinggi, proses pembangunan & KPR tidak perlu menunggu lama. Sertifikat clear dan imb sudah terbit
 
 Type Candani (2 Lantai)
 - Luas Bangunan: 80 m2
 - Luas Tanah: 84 m2
 - K.Tidur: 3
 - K.Mandi: 2
 - Harga cash 720 juta (BISA KPR)
 
 
 Lokasi strategis:
 - 3 menit ke Pemkab Bandung Barat
 - 10 menit ke Stasion KA Padalarang
 - 10 Menit dari Gerbang Tol Padalarang
 - 10 menit ke sekolah favorit di H Gofur
 - 15 menit ke wisata Pakuhaji
 - 15 Menit dari RS Kharisma Cimareme
 - 10 Menit dari Borma permata Cimahi
 - 15 Menit dari Transmart Cimahi
 - 20 menit dari Alun-alun Cimahi
 
 HUBUNGI:
 SANTO
 0811 2051 097",
86,04-07-2021,https://rumahdijual.com/10459193,260000000,Bandung,66,42,2,1,0,0,1,0,1300,SHM,Rumah Murah Spek Mewah Strategis Legalitas Aman Bebas Banjir Pakuhaji,"Rumah paku haji harga 260 juta, indent 3 sampai 4 bulan.
 .Wwoowww.........
 
 Jutaan Orang tidak menyadari bahwa sekarang ada Rumah Murah Spek Mewah ???????????? ????
 
 yang sangat-sangat :
 Jarang Ada
 Sangat langka
 Istimewa
 
 Rumah Murah Spek Mewah 100% Baru
 Siap huni
 Dijamin Untung Berlimpah
 Appraisal Bank diatas 350jt an
 Hanya disini
 
 type 42 /66 harga 260 jt..
 Segera beli rumahnya sebelum kehabisan
 Unit tetangga harganya sudah 400jt an keatas
 
 Selama iklan tayang unit Rumah masih ada
 Ingat !!! Tahun Depan Harga Akan Naik
 
 sangat menarik kan? segera miliki hunian ini sekarang juga! unit terbatas! informasi dan pemesanan klik
 bit.ly/mautanyaproperti
 wa.me/6285659107070",
87,04-11-2021,https://rumahdijual.com/7188453,375000000,Bandung,72,38,2,1,0,0,1,0,1300,"SHM, IMB, PBB","Rumah Murah, Bandung dekat Cimahi, Mekarsari Eco Living, 300jtan, dekat TOL","Dijual Rumah Murah Baru Minimalis 300jtan Bandung Barat

Mekarsari Eco Living
Cilame Ngamprah KBB
dekat Cimahi dan Kota Bandung
Exclusive 300 unit

Type Milena Type 38/72
Rp.375jt
Dp 5% 18,75jt
Cicilan 25thn 2,9jtan

LT : 72m
LB : 38m
KT : 2
KM : 1
Listrik 1300watt
Air Bersih
Carport
Taman depan belakang

Fasilitas :
Gerbang dan pos satpam 24 jam
Jalan lebar
Saluran air
Mesjid
Taman

Harga Promo cash keras Type Milena hanya
315jt

Legalitas
SHGB ( Pengembang PT )
IMB
PBB

Lokasi strategis, dekat :
Kantor KBB
TOL
Transmart
Borma
Sekolahan
Pasar
Kolam renang

Akses :
Jalan Cilame
Jalan Haji Gofur
Jalan Padalarang

Air bersih
Udara segar
Hawa sejuk
Pemandangan indah

SamargaLand
Hubungi
Marketing terbaik anda :
R Adi Pratama
WA 081222291899",
88,04-08-2021,https://rumahdijual.com/10378477,419000000,Bandung,60,46,3,2,0,0,0,1,1300,SHM,Rumah Dua Lantai Modern Style Cluster Bukit Indah Cileunyi,"Dijual Rumah 2 Lantai mewah modern, dengan lingkungan nyaman dan asri dalam Cluster, Bandung Timur.
 
 Tepatnya di Kelurahan Cileunyi Kulon, Kecamatan Cileunyi.
 
 Selling Point :
 5 menit ke Griya dan Borma Cinunuk
 10 menit ke RS AMC
 10 menit ke Jatinangor Town Square/ Jatos
 5 menit ke SMPN 1 Cileunyi
 10 menit ke Terminal dan Tol Cileunyi
 
 Fasilitas Cluster :
 One Gate System, keamanan 24 jam, CCTV, Air Bersih dan Taman
 
 PROMO Ramadhan 2021
 Harga cash Rp. 419Juta
 Tipe 46/ 60 m2
 Hanya 14 unit lagi
 Bisa KPR Bank BSI
 Dp 20% Angsuran 4Jutaan
 
 Yug segera survey dan dapatkan promonya!
 
 Info promo hub marketing
 Pak Agung di WA
 0819 217 8183",
89,04-07-2021,https://rumahdijual.com/4393049,3500000000,Bandung,151,250,5,3,0,0,2,0,2200,SHM,Rumah Cantik Nyaman di Resor Dago Pakar,"Rumah cantik nyaman dengan view lembah dan pegunungan di Resor Dago Pakar Bandung
 
 Cocok untuk villa
 Bisa disewakan harian, bulanan atau tahunan
 Investasi menguntungkan
 
 15 menit dari pintu tol Pasteur
 15 menit ke pusat kota Bandung
 10 menit ke pusat perbelanjaan Dago
 
 
 Sepesifikasi :
 3 lantai
 Luas tanah 151 m2
 Luas bangunan 250 m2
 5 kamar tidur
 3 kamar mandi
 Carport 2 mobil
 Air Pam
 Listrik 2200 watt
 SHM
 
 Harga 3,5 M nego
 
 Hubungi : Udin Supriadi
 HP : 0888-8001-087 (Call,WA, Telegram)",
90,04-07-2021,https://rumahdijual.com/4936422,1388000000,Bandung,98,84,3,3,0,0,0,0,2200,SHM,Type Baru di CLUSTER ALINDA @ PRAMESTHA RESORT TOWN Dago BANDUNG Utara.............,"New Type CLUSTER ALINDA @ PRAMESTHA RESORT TOWN
 
 PRAMESTHA RESORT TOWN terselip di dataran tinggi Bandung Utara, di tengah-tengah Hutan Alam yang hijau dan dan sangat rimbun, sungai yang mengalir tenang, dan Udara yang sangat Sejuk.
 Tempat ini memang merupakan sebuah tempat penuh kedamaian dan ketenangan.
 
 Pemandangan pegunungan dan cakrawala kota Bandung adalah daya tarik utama untuk Tempat Tinggal yang Nyaman, dan merupakan sebuah area eksklusif.
 Resort ini secara unik terletak di lereng bukit antara landskap tropis yang mewah yang dirancang oleh arsitek terkenal Karl Princic.
 
 PRAMESTHA RESORT TOWN terdiri dari tiga resort mewah : Akaza, Belva, dan Chada.
 
 PRAMESTHA RESORT TOWN menawarkan kesempatan unik bagi Anda untuk berinvestasi di Cluster Akaza Valley, dengan opsi hunian, atau penyewaan atau keduanya.
 Dengan bermitra dengan Premier sebagai operator Luxury Villa, kami yakin investasi Anda akan tumbuh.
 Keunggulan di PRAMESTHA RESORT TOWNNuansa resort bernuansa perumahan.Pengembangan lahan seluas 180 Ha, dengan Desain Eksklusif oleh URBANE.
 Daerah ini lebih dari 1000 meter di atas permukaan laut. Konsep teras dengan mempertahankan lahan hijau terbuka.
 
 Area ini dikembangkan dengan konsep Residential, Recreation, Commercial, Education, dan Health yang menjadi satu kesatuan.Terletak di daerah Dago Giri, 5 KM ke Dago Raya dan 5 KM ke Lembang. Dekat dari Lapangan Golf, Sekolah Internasional, Rumah Sakit, dan ITB
 
 5 Alasan mengapa harus memiliki Rumah di PRAMESTHA :
 
 1. Kawasan Bandung Utara merupakan kawasan yg menjadi tempat wisata apalagi daerah Dago dan *Pramestha Mountain City* berada dekat daerah Dago.
 2. Nilai Property Daerah Dago yg semakin Meningkat, apalagi posisi Pramestha berdekatan dengan salah satu obyek wisata terbesar daerah Bandung Utara Dago Dream Park, pembangunan Sekolah Darul Hikam dan Wisata Burung Bird Bromelian yg sangat dekat dengan Pramestha.
 3. Pengembangan Lahan Pramestha Mountain City yg Luas 180Ha merupakan salah satu point penting dimana property di Pramestha yg tiap tahun akan terus naik pesat Nilainya.
 4. Pramestha Mountain City mengusung *Konsep Be One With Nature*. Dibangun didaerah perbukitan Bandung Utara yg udara sekitarnya sangat sejuk dan terjaga. Dimana setiap hari mata anda dimanjakan dengan hijaunya alam.
 5. Untuk property daerah Dago, Pramestha Mountain City merupakan satu2nya perumahan yg memberikan *harga paling terjangkau yaitu 1 M-an*. Dimana untuk wilayah Dago sendiri property dengan harga 1 M-an tidak bisa anda dapatkan lagi. Sehingga ini waktunya untuk anda investasi di Dago sebelum harga naik.",
91,04-07-2021,https://rumahdijual.com/8804901,594000000,Bandung,112,45,2,1,0,0,1,0,1300,SHM,Rumah Minimalis di Ujungberung Giri Mekar Cijambe Bandung,"Rumah Minimalis Harga Menarik di Giri Mekar Cijambe Ujungberung Bandung
 Perumahan di Bandung Timur dgn konsep & desain bangunan masa kini luas tanah memadai, legalitas aman, harga termurah dikelasnya, mari buktikan & bandingkan sebelum anda memutuskan pilihan!
 
 Type Rumah Standar : 45/112 : Rp. 594.000.000
 * Luas Tanah 112 m2
 * Luas Bangunan 45 m2
 * Kamar Tidur 2
 * Kamar Mandi 1
 * Ruang tamu
 * Dapur
 * Carport 1
 * Listrik 1300 watt
 * Air : Pump artesis lgsg dr mata air pegunungan yg bisa di konsumsi
 * Legalitas : SHM + IMB
 
 Selling point :
 * Tersedia berbagai Fasum & Fasos dlm lingkungan perumahan seperti sarana ibadah, sekolah TK/TPA, kolam renang umum, minimart, klinik & dokter umum, ojeg 24 jam sll ada
 * 1,5 km saja dari jln raya AH.Nasution
 * 5 menit ke pusat kota Ujung berung
 * 15 menit ke daerah Gede Bage yg kedepannya akan menjadi kota Teknopolis krn akan dijadikan sbg pusat pemerintahan kota Bandung yg kini telah dibangun Mesjid besar, akses tol, stadion Bandung lautan api, Sumerecon city & rencana stasiun kereta api cepat LRT Bandung raya
 * Jadi daerah Ujung berung merupakan alternatif pilihan tepat bagi anda yg ingin memiliki hunian dgn suasana perkotaan & alam pegunungan yg masih sejuk dgn hamparan keindahan pemandangan kota di malam hari.
 * Cara bayar bisa cash / cash bertahap & KPR
 
 UNTUK PEMBELIAN UNIT HUBUNGI :
 RASYID
 0878 25 799 417 (WA/PHONE)",
92,04-08-2021,https://rumahdijual.com/8166196,700000000,Bandung,95,67,3,2,0,0,0,1,1300,SHM,rumah 2 lantai dijual di bandung timur paling murah smart home cipadung,"ayo dapatkan segera perumahan mewah dengan harga paling murah di kelasnya, kenapa??? karena harga properti dengan spesifikasi seperti ini, harganya murah, masuk kota bandung tapi di bawah 1 miliar dan sedang ada diskon, bisa kpr atau cash
 
 
 
 *Smart Home Concept*
 
 Mengamankan dan mengatur rumah hanya dengan ponsel
 
 
 *Lokasi Strategis:*
 Selling point :
 - Jl Depan Rumah Lebar 2 mobil
 - Area Cibiru Bandung timur
 - Lokasi Sudah ramai penduduk, lokasi sangat nyaman.
 - Dekat dengan sarana ibadah (mesjid)
 - Dekat ke Transmart A.H Nasution
 - Dekat ke Sarana Olah raga Stadion GBLA
 -Dekat ke kawasan Summarecon
 - 1 kilo meter ke jalan utama Soekarno hatta
 - 1.1 kilo meter ke kampus (UIN, universitas muhamadiyah, UT,UPI)
 - 2.1 kilo meter ke perkantoran dan pasar induk Gedebage
 - 3.6 kilo Meter ke Jalan Tol Cileunyi
 - 30 Menit ke Gasibu, Gedung Sate, Dago
 
 
 *12 unit Bangunan Exclusive 2 Lantai*
 Type 67
 LT: 80 - 95
 LB: 67
 KT: 3
 KM: 2
 
 - Bisa KPR DP ringan hanya 10% **
 - Bisa Cash & Cash Tahap 6X
 - Harga sudah All In (diluar biaya KPR saja)
 
 *KONSUMEN BANJIR BONUS*
 
 *Konsumen Cash keras*
 ~*kompor tanam*
 ~*canopy*
 ~*torn 500L*
 ~*aplikasi Smart Home*
 ~*cctv*
 (cash 1 bulan)
 
 -Bonus Torn 500L, Aplikasi Smart Home dan CCTV all konsumen baik KPR/Cash
 
 *SYARAT DAN KETENTUAN BERLAKU*",
93,04-05-2021,https://rumahdijual.com/9840963,1400000000,Bandung,277,300,6,5,0,0,2,0,2200,SHM,Dijual Murah Rumah Kolam Renang Di Cibiru Atas View Bagus Udara Sejuk !,"Dijual Murah Rumah Cantik Lux Minimalis Dengan Kolam Renang Pribadi Di Cibiru Atas Bandung Timur
 Lingkungan Asri dan Sangat Sejuk dengan View Kota Bandung dan Pegunungan Manglayang cocok untuk Rumah Tinggal atau Villa
 Pencahayaan Rumah Bagus Sehingga Bisa Menghemat Pemakaian Listrik
 Air Memakai Air Tanah Dengan Kualitas Jernih Dapat Dikonsumsi
 
 SPESIFIKASI :
 
 Luas Tanah : 227 mtr2
 Luas Bangunan : 300 mtr2
 Kamar Tidur : 5 + 1
 Kamar Mandi : 4 + 1
 Kolam Renang + Jacuzzi
 Water Heater
 Gudang
 Jumlah Lantai : 2 1/4 Lantai
 Hadap : Timur
 Carport : 2 Mobil
 Listrik : 2.200 Watt
 Air : Artesis/Submerseable (air jernih)
 Sertifikat : SHM dan Imb
 
 SELLING POINT :
 
 - Taman Belakang ada kolam renang
 - Lingkungan sangat Asri dan Sejuk
 - View Kota Bandung dan Pegunungan (Manglayang)
 - Pinggir Jalan Akses 2 Mobil
 - dekat dengan sarana pendidikan UPI,UIN,SD,SMP,SMA Percontohan (Lab Scholl, Al Biruni Dll)
 - Dekat Borma, Griya, Alfamart, Indomart dll
 - Dekat ke jalan Raya Cibiru, Cinunuk, Cileunyi
 - Dekat ke POM Bensin Cinunuk
 - Dekat Ke Kawasan Wisata Batu Kuda / Perkemahan
 - Dekat ke stadion GBLA dan Kawasan Gedebage
 - Dekat ke RM Ponyo Dan Kuliner Lainnya
 - Dekat ke jl Sukarno Hatta Bandung
 - 2 KM ke Toll Cileunyi, Tol Gedebage/Summarecon
 
 Harga Rp 1.400.000.000 (Masih Nego)
 
 HUBUNGI :
 
 RASYID
 
 0878 25 799 417 (WA/TELP)",
94,04-07-2021,https://rumahdijual.com/10459189,1800000000,Bandung,117,150,4,4,0,0,3,0,2200,SHM,Dijual Rumah Di Komplek Cigadung bandung,"Rumah di komplek kawasan Dago Cigadung Bandung
 
 Luas tanah 117 m2
 
 Luas bangunan 150 m2
 
 2 lantai
 
 4 kT dan 4 Km dan 1 Kamar kerja
 
 2 kitchen
 
 furnish
 
 carpot 3 mobil
 
 cluster
 
 keamanan 24 jam
 
 Jl Cigadung Raya Barat
 
 Komplek Patio Verde
 
 Blok / Kav H
 
 Harga 1.8 M
 
 #LEAP0321",
95,04-07-2021,https://rumahdijual.com/7196924,2250000000,Bandung,177,350,4,4,0,0,2,2,13300,SHM,Dijual Murah Rumah Ruko di Cicadas Bandung !!!,"DIJUAL MURAH RUMAH / RUKO TEMPAT USAHA DI CICADAS KOTA BANDUNG
 
 Rumah Terletak di Kawawan Bisnis Cicadas Jl Ahmad Yani Kota Bandung
 Saat ini dipakai usaha Percetakan
 
 Spesifikasi:
 
 Luas Tanah : 177 m2
 Luas Bangunan : 350 m2
 Kamar Tidur : 4
 Kamar Mandi : 3 + 1
 Lantai : 2,5 lantai
 Sertifikat : SHM
 Listrik : 13.300 Watt
 Air : PAM + Jetpump
 Telepon : 1 Line
 Hadap : Barat
 
 
 HARGA : RP 2,25 Milyar Nego
 
 Keunggulan :
 
 - Lokasi di TENGAH KOTA BANDUNG
 - Dekat Terminal Cicaheum
 - Dekat Pasar Cicadas
 - Dekat Perkantoran, Bank BCA dll
 - Dekat Pusat Bisniss Cicadas
 - Dekat dengan Kampus : Itenas, Widyatama, YPKP, Ekuitas
 - Dekat dengan Supermarket : Giant dan Jogja
 - Dekat dengan Pintu Toll Pasteur
 - Akses jalan mudah, dari jalan Suci, jalan Cikutra, jalan PH. Mustofa, Jalan Pahlawan, Jl Jakarta
 - Hanya 10 Menit ke Gedung Sate / Gasibu
 
 HUBUNGI :
 
 RASYID
 
 0878 25 799 417 (WA/TELP)",
96,04-07-2021,https://rumahdijual.com/8997133,2500000000,Bandung,197,150,4,3,0,0,4,0,2200,SHM,Rumah Siap Huni Di Nanjung Cimahi Dalam komplek Elite !!,"Rumah siap huni aman nyaman di Nanjung Cimahi
 Rumah Nanjung di area perumahan elite di Cimahi
 
 Spesifikasi
 
 LT 197 m2
 LB 150 m2
 KT 4
 KM 3
 Hadap Barat
 Listrik 2.200 watt
 Sumber Air seable
 Carport 4 mobil
 Legalitas SHM & IMB
 2 lantai
 Bebas Banjir
 Lebar Akses Jalan 12 meter
 Bangunan Tahun 2014
 
 Selling Point:
 lokasi dalam komplek one gate system
 keamanan scurity 24 jam
  450m ke pusat pertokoan
  500m ke komplek pendidikan negeri SMP dan SMA
  850m ke Pintu Tol baros
  800m komplek perbelanjaan leuwigajah cimahi
  800m komplek perbelanjaan cimahi
 
 Harga Rp 2.500.000.000 Nego tanpa perantara
 
 HUBUNGI :
 RASYID
 0878 25 799 417 (WA/PHONE)",
97,04-08-2021,https://rumahdijual.com/10461158,547123456,Bandung,65,36,2,1,0,0,1,0,1300,SHM,Rumah Murah Modern Dan Unik di Cijerah Gempol,"Rumah Murah Modern Dan Unik di Cijerah Gempol
 
 TJENDANA TOWNHOUSE
 
 Hunian Mewah Ini Keren Banget loh. Rumah Modern Dengan Konsep Moderat juga Unik Ini Pasti Cocok Banget Buat Anda.
 
 Karena Lokasinya Strategis, Jadi Memudahkan Anda Menuju Akses Kemana Saja. Hanya Selangkah Saja Ke KAHATEX dan pusat perbelanjaan.
 
 Udara Sejuk, Lingkungan Aman Nyaman Dan Asri. Kami Berikan Yang Terbaik Untuk Anda
 
 2 Kamar Tidur
 
 1 Kamar Mandi
 
 Taman Depan
 
 Taman Belakang
 
 Carport
 
 Dapur
 
 Kamu Sudah Bisa Langsung Menempati Rumah Cantik Ini
 
 Survey terlebih dahulu untuk melakukan Penawaran.
 
 Info lebih lanjut hubungi WA (Fast Respon).",
98,04-08-2021,https://rumahdijual.com/10461087,650040000,Bandung,55,40,3,2,0,0,0,0,1300,SHM,Rumah dilokasi Strategis di Cibabat Cimahi | CIC5,"Kode Iklan CIC5
 
 Rumah Dijual di Cimahi Bandung
 DI JUAL RUMAH 2 LANTAI HARGA 1LANTAI DALAM KOMPLEK CITAMAN INDAH ,CIBABAT,CIMAHI
 CITAMAN INDAH
 Rumah 2 Lantai, Harga 1 Lantai
 Hanya 9 unit
 
 Lokasi, Rumah & Harga nya Top Banget
 
 ?Berada di kawasan Premium di dalam Komplek Taman Bumi Prima (TBP) - Cimahi Utara
 
 
 FREE Desain, bisa
 - type 48 2kt, 1km 2 lantai
 - type 55 3kt, 2km 2 lantai
 - Listrik : 1300
 - Air : jetpump
 - Legalitas : SHM, IMB
 
 Harga Rp 600 jt an
 
 Lokasi sangat strategis
 - 10 mnt ke Pemkot Cimahi
 - 15 mnt ke Tol Pasteur
 - Tempat kuliner komplit
 - Dkt pusat perbelanjaan
 Borma, Yogya, Indomart
 - Akses Bisa masuk/keluar
 via Setraduta
 via Gunung batu
 Via Cimahi, Cibabat, Cihanjuang
 - one gate sistem
 - Angkot lewat depan komplek
 Skema pembayaran :
 Cash, cash bertahap dan KPR BNI Syariah DP 10%
 
 BONUS :
 - TV Plat 42 Inch, TV Channel, Cctv komplek
 
 
 0
 
 Kode Iklan CIC5",
99,04-08-2021,https://rumahdijual.com/8378559,362000000,Bandung,60,30,3,1,0,0,0,1,1300,SHM,* PROMO NEW NORMAL *Rumah Syariah Strategis Murah Mewah Dp Bisa Ccl 18x,"Bismillahirrahmanirrahim...
  
  * PROMO MARET + PROMO SUPER HARD CASH = DISCOUNT 20 JUTA *
  
  Perumahan Syariah *Aster Village Ciwastra*
  
  - TAHAP 8 -
  
  * PROMO MARET *
  
  Skema Pembayaran :
   HARD CASH Bonus TV LED Samsung 40"", AC & Torn 500 Liter
   SOFT CASH Bonus TV LED Samsung & Torn 500 Liter
   DP LUNAS Bonus AC & Torn 500 Liter
   DP CICIL Bonus Torn 500 Liter
  
  KET. PROMO :
  - Promo Hanya Berlaku untuk Konsumen yang Booking & Akad di Bulan MARET 2020
  - Bonus Akan diterima Konsumen setelah Pembangunan Unit Rumah Selesai
  
  Rumah 1 Lantai :
   Type. 30/60 Harga 362 Juta
   Type. 30/72 Hook Harga 427 Juta
  
  Spesifikasi Rumah :
  Taman
  Carport
  Ruang Tamu
  Dapur
  3 Kamar Tidur (1 Mezzanine)
  1 Kamar Mandi
  
  Proses Kepemilikan Mudah & Ringan
  DP Bisa Cicil 18 Bulan
  Tenor Cicilan Bisa 10 Tahun
  
  _Perumahan Syariah Exclusive Modern Minimalis dengan Nuansa Asri Pedesaan di Ciwastra Bandung_
  
  Skema KPR 100% Murni Syariah :
  #TANPABICHECKING
  #TANPABANK
  #TANPABUNGA
  #TANPARIBA
  #TANPADENDA
  #TANPASITA
  #TANPAPENALTY
  #TANPAAKADGANDA
  
  Transaksi Langsung Dengan Developer
  
  Lebih Tentram
  Lebih Berkah
  Lebih Sakinah
  
  Spesifikasi Bangunan :
  - Bata Ringan
  - Kusen Aluminium
  - Lantai Granit 60 cm x 60 cm
  - Atap Baja Ringan
  - Genteng Beton
  - Listrik 1300 Watt
  - Air Artesis yang Jernih
  
  Fasilitas :
  - Mesjid
  - One Gate System
  - CCTV Security 24 jam
  - Jalan Beton Lebar 10 meter
  
  Lokasi Strategis :
  - 10 Menit ke Tol Gedebage
  - 10 Menit ke Summarecon
  - 15 Menit ke RS. Al Islam
  - 15 Menit ke Metro Indah Mall
  - 20 Menit ke STT Telkom, Transmart & Tol Buahbatu
  
  *UNIT TERBATAS*
  
  Survey dan Informasi Lengkap Hubungi WA 0895708297474
  
  #rumah
  #rumahmurah
  #rumahsyariah
  #rumahbandung
  #rumahsederhana
  #rumahminimalis
  #rumahminimalismodern
  #rumahmodern
  #rumahvintage
  #rumah123
  #rumahtype36
  #rumahkecil
  #tabloidrumah
  #perumahan
  #perumahanbandung
  #perumahanjakarta
  #perumahanmurah
  #perumahansyariah
  #perumahanmewah
  #perumahanislami
  #perumahanelite",
100,04-08-2021,https://rumahdijual.com/10461196,650060000,Bandung,55,40,3,2,0,0,0,0,1300,"SHM ,IMB",Rumah 2 lantai dengan harga minimalis di Cimahi | CIC7,"Kode Iklan CIC7

Rumah Dijual di Cimahi Bandung
DI JUAL RUMAH 2 LANTAI HARGA 1LANTAI DALAM KOMPLEK CITAMAN INDAH ,CIBABAT,CIMAHI
CITAMAN INDAH
Rumah 2 Lantai, Harga 1 Lantai
Hanya 9 unit

Lokasi, Rumah & Harga nya Top Banget

?Berada di kawasan Premium di dalam Komplek Taman Bumi Prima (TBP) - Cimahi Utara


FREE Desain, bisa
- type 48 2kt, 1km 2 lantai
- type 55 3kt, 2km 2 lantai
- Listrik : 1300
- Air : jetpump
- Legalitas : SHM, IMB

Harga Rp 600 jt an

Lokasi sangat strategis
- 10 mnt ke Pemkot Cimahi
- 15 mnt ke Tol Pasteur
- Tempat kuliner komplit
- Dkt pusat perbelanjaan
Borma, Yogya, Indomart
- Akses Bisa masuk/keluar
via Setraduta
via Gunung batu
Via Cimahi, Cibabat, Cihanjuang
- one gate sistem
- Angkot lewat depan komplek
Skema pembayaran :
Cash, cash bertahap dan KPR BNI Syariah DP 10%

BONUS :
- TV Plat 42 Inch, TV Channel, Cctv komplek


0

Kode Iklan CIC7",